deadline_hours,shipment_count,payload_tonnes_each,status,total_cost_cny,carbon_cost_cny,emissions_kg,allocations_json
48,1,15,infeasible,,,,[]
48,10,15,infeasible,,,,[]
48,50,15,infeasible,,,,[]
48,100,15,infeasible,,,,[]
48,250,15,infeasible,,,,[]
55,1,15,infeasible,,,,[]
55,10,15,infeasible,,,,[]
55,50,15,infeasible,,,,[]
55,100,15,infeasible,,,,[]
55,250,15,infeasible,,,,[]
60,1,15,optimal-enumeration,4603.89925,3.8992500000000003,77.985,"[{""service_id"":""cq-sh-rail"",""count"":1}]"
60,10,15,optimal-enumeration,46038.9925,38.99250000000001,779.85,"[{""service_id"":""cq-sh-rail"",""count"":10}]"
60,50,15,optimal-enumeration,230194.9625,194.9625,3899.25,"[{""service_id"":""cq-sh-rail"",""count"":50}]"
60,100,15,optimal-enumeration,460389.925,389.925,7798.5,"[{""service_id"":""cq-sh-rail"",""count"":100}]"
60,250,15,optimal-enumeration,1150974.8125,974.8125,19496.25,"[{""service_id"":""cq-sh-rail"",""count"":250}]"
72,1,15,optimal-enumeration,4603.89925,3.8992500000000003,77.985,"[{""service_id"":""cq-sh-rail"",""count"":1}]"
72,10,15,optimal-enumeration,46038.9925,38.99250000000001,779.85,"[{""service_id"":""cq-sh-rail"",""count"":10}]"
72,50,15,optimal-enumeration,230194.9625,194.9625,3899.25,"[{""service_id"":""cq-sh-rail"",""count"":50}]"
72,100,15,optimal-enumeration,460389.925,389.925,7798.5,"[{""service_id"":""cq-sh-rail"",""count"":100}]"
72,250,15,optimal-enumeration,1150974.8125,974.8125,19496.25,"[{""service_id"":""cq-sh-rail"",""count"":250}]"
96,1,15,optimal-enumeration,4603.89925,3.8992500000000003,77.985,"[{""service_id"":""cq-sh-rail"",""count"":1}]"
96,10,15,optimal-enumeration,46038.9925,38.99250000000001,779.85,"[{""service_id"":""cq-sh-rail"",""count"":10}]"
96,50,15,optimal-enumeration,230194.9625,194.9625,3899.25,"[{""service_id"":""cq-sh-rail"",""count"":50}]"
96,100,15,optimal-enumeration,460389.925,389.925,7798.5,"[{""service_id"":""cq-sh-rail"",""count"":100}]"
96,250,15,optimal-enumeration,1150974.8125,974.8125,19496.25,"[{""service_id"":""cq-sh-rail"",""count"":250}]"
120,1,15,optimal-enumeration,4603.89925,3.8992500000000003,77.985,"[{""service_id"":""cq-sh-rail"",""count"":1}]"
120,10,15,optimal-enumeration,46038.9925,38.99250000000001,779.85,"[{""service_id"":""cq-sh-rail"",""count"":10}]"
120,50,15,optimal-enumeration,230194.9625,194.9625,3899.25,"[{""service_id"":""cq-sh-rail"",""count"":50}]"
120,100,15,optimal-enumeration,460389.925,389.925,7798.5,"[{""service_id"":""cq-sh-rail"",""count"":100}]"
120,250,15,optimal-enumeration,1150974.8125,974.8125,19496.25,"[{""service_id"":""cq-sh-rail"",""count"":250}]"
192,1,15,optimal-enumeration,4603.89925,3.8992500000000003,77.985,"[{""service_id"":""cq-sh-rail"",""count"":1}]"
192,10,15,optimal-enumeration,46038.9925,38.99250000000001,779.85,"[{""service_id"":""cq-sh-rail"",""count"":10}]"
192,50,15,optimal-enumeration,230194.9625,194.9625,3899.25,"[{""service_id"":""cq-sh-rail"",""count"":50}]"
192,100,15,optimal-enumeration,460389.925,389.925,7798.5,"[{""service_id"":""cq-sh-rail"",""count"":100}]"
192,250,15,optimal-enumeration,1150974.8125,974.8125,19496.25,"[{""service_id"":""cq-sh-rail"",""count"":250}]"
204,1,15,optimal-enumeration,1435.985,35.98500000000001,719.7,"[{""service_id"":""cq-sh-water-express"",""count"":1}]"
204,10,15,optimal-enumeration,14359.85,359.85,7197.0,"[{""service_id"":""cq-sh-water-express"",""count"":10}]"
204,50,15,optimal-enumeration,71799.25,1799.25,35985.0,"[{""service_id"":""cq-sh-water-express"",""count"":50}]"
204,100,15,optimal-enumeration,143598.5,3598.5,71970.0,"[{""service_id"":""cq-sh-water-express"",""count"":100}]"
204,250,15,optimal-enumeration,360492.5,10492.5,179925.0,"[{""service_id"":""cq-sh-water-express"",""count"":250}]"
216,1,15,optimal-enumeration,1435.985,35.98500000000001,719.7,"[{""service_id"":""cq-sh-water-express"",""count"":1}]"
216,10,15,optimal-enumeration,14359.85,359.85,7197.0,"[{""service_id"":""cq-sh-water-express"",""count"":10}]"
216,50,15,optimal-enumeration,71799.25,1799.25,35985.0,"[{""service_id"":""cq-sh-water-express"",""count"":50}]"
216,100,15,optimal-enumeration,143598.5,3598.5,71970.0,"[{""service_id"":""cq-sh-water-express"",""count"":100}]"
216,250,15,optimal-enumeration,360492.5,10492.5,179925.0,"[{""service_id"":""cq-sh-water-express"",""count"":250}]"
240,1,15,optimal-enumeration,1165.985,35.98500000000001,719.7,"[{""service_id"":""cq-sh-water-regular"",""count"":1}]"
240,10,15,optimal-enumeration,11659.85,359.85,7197.0,"[{""service_id"":""cq-sh-water-regular"",""count"":10}]"
240,50,15,optimal-enumeration,58299.25,1799.25,35985.0,"[{""service_id"":""cq-sh-water-regular"",""count"":50}]"
240,100,15,optimal-enumeration,116598.5,3598.5,71970.0,"[{""service_id"":""cq-sh-water-regular"",""count"":100}]"
240,250,15,optimal-enumeration,292992.5,10492.5,179925.0,"[{""service_id"":""cq-sh-water-regular"",""count"":250}]"
276,1,15,optimal-enumeration,1165.985,35.98500000000001,719.7,"[{""service_id"":""cq-sh-water-regular"",""count"":1}]"
276,10,15,optimal-enumeration,11659.85,359.85,7197.0,"[{""service_id"":""cq-sh-water-regular"",""count"":10}]"
276,50,15,optimal-enumeration,58299.25,1799.25,35985.0,"[{""service_id"":""cq-sh-water-regular"",""count"":50}]"
276,100,15,optimal-enumeration,116598.5,3598.5,71970.0,"[{""service_id"":""cq-sh-water-regular"",""count"":100}]"
276,250,15,optimal-enumeration,292992.5,10492.5,179925.0,"[{""service_id"":""cq-sh-water-regular"",""count"":250}]"
360,1,15,optimal-enumeration,1165.985,35.98500000000001,719.7,"[{""service_id"":""cq-sh-water-regular"",""count"":1}]"
360,10,15,optimal-enumeration,11659.85,359.85,7197.0,"[{""service_id"":""cq-sh-water-regular"",""count"":10}]"
360,50,15,optimal-enumeration,58299.25,1799.25,35985.0,"[{""service_id"":""cq-sh-water-regular"",""count"":50}]"
360,100,15,optimal-enumeration,116598.5,3598.5,71970.0,"[{""service_id"":""cq-sh-water-regular"",""count"":100}]"
360,250,15,optimal-enumeration,292992.5,10492.5,179925.0,"[{""service_id"":""cq-sh-water-regular"",""count"":250}]"
