scenario,method,seed,order_id,origin,destination,tonnes,route,modes,arrival_hour,cost_cny,emissions_kg
road-cost,fixed,0,ALLOC-SYN-0000,Chenglingji,Zhangjiagang,85.0,Chenglingji>Zhenjiang>Gaogang>Jiangyin>Zhangjiagang,road+road+road+road,41.498374999999996,23643.8771,8448.21545
road-cost,fixed,0,ALLOC-SYN-0001,Chenglingji,Nantong,40.0,Chenglingji>Honghu>Hankou>Nantong,road+road+road,17.46475,10783.3786,3967.9911999999995
road-cost,fixed,0,ALLOC-SYN-0002,Yichang,Nantong,20.0,Yichang>Zhicheng>Chenglingji>Honghu>Hankou>Nantong,road+road+road+road+road,44.901250000000005,6837.7685,2374.3819999999996
road-cost,fixed,0,ALLOC-SYN-0003,Yichang,Shanghai,20.0,Yichang>Zhicheng>Chenglingji>Shanghai,road+road+road,19.393124999999998,6054.3525,2203.0589999999997
road-cost,fixed,0,ALLOC-SYN-0004,Zhicheng,Shanghai,85.0,Zhicheng>Chenglingji>Shanghai,road+road,42.13475,23480.520275,8755.4573
road-cost,fixed,0,ALLOC-SYN-0005,Shashi,Zhangjiagang,20.0,Shashi>Chenglingji>Zhenjiang>Gaogang>Jiangyin>Zhangjiagang,road+road+road+road+road,30.871875,6141.234,2143.8450000000003
road-cost,fixed,0,ALLOC-SYN-0006,Zhicheng,Nantong,20.0,Zhicheng>Chenglingji>Honghu>Hankou>Nantong,road+road+road+road,31.642875,6308.2443,2231.4305999999997
road-cost,fixed,0,ALLOC-SYN-0007,Chenglingji,Zhangjiagang,20.0,Chenglingji>Zhenjiang>Gaogang>Jiangyin>Zhangjiagang,road+road+road+road,17.498375000000003,5563.2652,1987.8153999999997
road-cost,fixed,0,ALLOC-SYN-0008,Chongqing,Jiangyin,85.0,Chongqing>Shashi>Chenglingji>Zhenjiang>Gaogang>Jiangyin,road+road+road+road+road,20.3045,28662.35105,9803.012599999998
road-cost,fixed,0,ALLOC-SYN-0009,Shashi,Gaogang,20.0,Shashi>Chenglingji>Zhenjiang>Gaogang,road+road+road,16.197875,5016.0148,1840.0785999999998
road-cost,fixed,0,ALLOC-SYN-0010,Chongqing,Jiangyin,40.0,Chongqing>Shashi>Chenglingji>Zhenjiang>Gaogang>Jiangyin,road+road+road+road+road,44.3045,13488.1652,4613.1824
road-cost,fixed,0,ALLOC-SYN-0011,Zhicheng,Gaogang,85.0,Zhicheng>Chenglingji>Zhenjiang>Gaogang,road+road+road,29.0025,22757.05425,8208.806999999999
road-cost,fixed,0,ALLOC-SYN-0012,Chongqing,Nantong,85.0,Chongqing>Nantong,road,19.496125,23929.543825,9412.72915
road-cost,fixed,0,ALLOC-SYN-0013,Chenglingji,Gaogang,20.0,Chenglingji>Zhenjiang>Gaogang,road+road,38.824374999999996,4438.046,1684.049
road-cost,fixed,0,ALLOC-SYN-0014,Zhicheng,Shanghai,85.0,Zhicheng>Chenglingji>Shanghai,road+road,18.13475,23480.520275,8755.4573
road-cost,fixed,0,ALLOC-SYN-0015,Chongqing,Shanghai,85.0,Chongqing>Nantong>Shanghai,road+road,32.873125,26392.170625,10077.54475
road-cost,fixed,0,ALLOC-SYN-0016,Shashi,Shanghai,40.0,Shashi>Chenglingji>Shanghai,road+road,17.330125,10372.484199999999,3937.4044
road-cost,fixed,0,ALLOC-SYN-0017,Chenglingji,Zhangjiagang,85.0,Chenglingji>Zhenjiang>Gaogang>Jiangyin>Zhangjiagang,road+road+road+road,29.498375,23643.8771,8448.21545
road-cost,fixed,0,ALLOC-SYN-0018,Zhicheng,Shanghai,40.0,Zhicheng>Chenglingji>Shanghai,road+road,18.13475,11049.6566,4120.215200000001
road-cost,fixed,0,ALLOC-SYN-0019,Shashi,Nantong,40.0,Shashi>Chenglingji>Honghu>Hankou>Nantong,road+road+road+road,18.83825,11939.316200000001,4280.050399999999
road-cost,fixed,0,ALLOC-SYN-0020,Shashi,Zhangjiagang,20.0,Shashi>Chenglingji>Zhenjiang>Gaogang>Jiangyin>Zhangjiagang,road+road+road+road+road,18.871875,6141.234,2143.8450000000003
road-cost,fixed,0,ALLOC-SYN-0021,Zhicheng,Zhangjiagang,20.0,Zhicheng>Chenglingji>Zhenjiang>Gaogang>Jiangyin>Zhangjiagang,road+road+road+road+road,31.6765,6479.8202,2235.2504
road-cost,fixed,0,ALLOC-SYN-0022,Chenglingji,Gaogang,20.0,Chenglingji>Zhenjiang>Gaogang,road+road,14.824375000000002,4438.046,1684.049
road-cost,fixed,0,ALLOC-SYN-0023,Zhicheng,Jiangyin,40.0,Zhicheng>Chenglingji>Zhenjiang>Gaogang>Jiangyin,road+road+road+road,30.284375,11788.028,4154.21
road-cost,fixed,0,ALLOC-SYN-0024,Chongqing,Nantong,85.0,Chongqing>Nantong,road,31.496125,23929.543825,9412.72915
road-cost,fixed,0,ALLOC-SYN-0025,Chongqing,Shanghai,40.0,Chongqing>Nantong>Shanghai,road+road,32.873125,12419.845000000001,4742.374
road-cost,fixed,0,ALLOC-SYN-0026,Chongqing,Shanghai,40.0,Chongqing>Nantong>Shanghai,road+road,20.873124999999998,12419.845000000001,4742.374
road-cost,fixed,0,ALLOC-SYN-0027,Chongqing,Gaogang,40.0,Chongqing>Shashi>Chenglingji>Zhenjiang>Gaogang,road+road+road+road,19.022625,12409.3392,4321.9403999999995
road-cost,fixed,0,ALLOC-SYN-0028,Yichang,Gaogang,20.0,Yichang>Zhicheng>Chenglingji>Zhenjiang>Gaogang,road+road+road+road,42.260875,5884.1252,2074.4354
road-cost,fixed,0,ALLOC-SYN-0029,Zhicheng,Zhangjiagang,20.0,Zhicheng>Chenglingji>Zhenjiang>Gaogang>Jiangyin>Zhangjiagang,road+road+road+road+road,31.6765,6479.8202,2235.2504
road-cost,fixed,0,ALLOC-SYN-0030,Chenglingji,Shanghai,40.0,Chenglingji>Shanghai,road,39.956625,9216.5466,3625.3451999999997
road-cost,fixed,0,ALLOC-SYN-0031,Zhicheng,Shanghai,40.0,Zhicheng>Chenglingji>Shanghai,road+road,18.13475,11049.6566,4120.215200000001
road-cost,fixed,0,ALLOC-SYN-0032,Yichang,Jiangyin,20.0,Yichang>Zhicheng>Chenglingji>Zhenjiang>Gaogang>Jiangyin,road+road+road+road+road,43.54275,6423.5382,2220.0564
road-cost,fixed,0,ALLOC-SYN-0033,Shashi,Nantong,40.0,Shashi>Chenglingji>Honghu>Hankou>Nantong,road+road+road+road,18.83825,11939.316200000001,4280.050399999999
road-cost,fixed,0,ALLOC-SYN-0034,Yichang,Shanghai,40.0,Yichang>Zhicheng>Chenglingji>Shanghai,road+road+road,31.393124999999998,12108.705,4406.1179999999995
road-cost,fixed,0,ALLOC-SYN-0035,Shashi,Jiangyin,40.0,Shashi>Chenglingji>Zhenjiang>Gaogang>Jiangyin,road+road+road+road,17.47975,11110.8556,3971.3992
road-cost,fixed,0,ALLOC-SYN-0036,Yichang,Gaogang,20.0,Yichang>Zhicheng>Chenglingji>Zhenjiang>Gaogang,road+road+road+road,30.260875000000002,5884.1252,2074.4354
road-cost,fixed,0,ALLOC-SYN-0037,Zhicheng,Gaogang,85.0,Zhicheng>Chenglingji>Zhenjiang>Gaogang,road+road+road,17.0025,22757.05425,8208.806999999999
road-cost,fixed,0,ALLOC-SYN-0038,Chongqing,Nantong,40.0,Chongqing>Nantong,road,43.496125,11260.961800000001,4429.5196
road-cost,fixed,0,ALLOC-SYN-0039,Chongqing,Zhangjiagang,40.0,Chongqing>Wuhu>Zhangjiagang,road+road,42.055375,14628.8944,4102.1812
road-cost,fixed,0,ALLOC-SYN-0040,Chongqing,Zhangjiagang,40.0,Chongqing>Wuhu>Zhangjiagang,road+road,42.055375,14628.8944,4102.1812
road-cost,fixed,0,ALLOC-SYN-0041,Yichang,Gaogang,40.0,Yichang>Zhicheng>Chenglingji>Zhenjiang>Gaogang,road+road+road+road,18.260875000000002,11768.2504,4148.8708
road-cost,fixed,0,ALLOC-SYN-0042,Shashi,Jiangyin,20.0,Shashi>Chenglingji>Zhenjiang>Gaogang>Jiangyin,road+road+road+road,41.479749999999996,5555.4278,1985.6996
road-cost,fixed,0,ALLOC-SYN-0043,Chongqing,Shanghai,20.0,Chongqing>Nantong>Shanghai,road+road,20.873124999999998,6209.922500000001,2371.187
road-cost,fixed,0,ALLOC-SYN-0044,Zhicheng,Nantong,20.0,Zhicheng>Chenglingji>Honghu>Hankou>Nantong,road+road+road+road,43.642875000000004,6308.2443,2231.4305999999997
road-cost,fixed,0,ALLOC-SYN-0045,Yichang,Jiangyin,20.0,Yichang>Zhicheng>Chenglingji>Zhenjiang>Gaogang>Jiangyin,road+road+road+road+road,19.54275,6423.5382,2220.0564
road-cost,fixed,0,ALLOC-SYN-0046,Yichang,Nantong,40.0,Yichang>Zhicheng>Chenglingji>Honghu>Hankou>Nantong,road+road+road+road+road,20.901249999999997,13675.537,4748.763999999999
road-cost,fixed,0,ALLOC-SYN-0047,Yichang,Jiangyin,85.0,Yichang>Zhicheng>Chenglingji>Zhenjiang>Gaogang>Jiangyin,road+road+road+road+road,19.54275,27300.037350000002,9435.2397
single-mode-cost,hybrid-seeded,18,ALLOC-SYN-0000,Chenglingji,Zhangjiagang,85.0,Chenglingji>Zhenjiang>Gaogang>Jiangyin>Zhangjiagang,rail+rail+rail+rail,47.078833333333336,17637.088175,4943.486100000001
single-mode-cost,hybrid-seeded,18,ALLOC-SYN-0001,Chenglingji,Nantong,40.0,Chenglingji>Zhenjiang>Gaogang>Jiangyin>Zhangjiagang>Nantong,water+water+water+water+water,68.88966666666667,2556.7188,992.0112
single-mode-cost,hybrid-seeded,18,ALLOC-SYN-0002,Yichang,Nantong,20.0,Yichang>Wuxue>Jiujiang>Anqing>Tongling>Wuhu>Zhangjiagang>Nantong,water+water+water+water+water+water+water,89.13733333333333,1544.8548,468.9888000000001
single-mode-cost,hybrid-seeded,18,ALLOC-SYN-0003,Yichang,Shanghai,20.0,Yichang>Zhicheng>Chenglingji>Shanghai,road+road+road,19.393124999999998,6054.3525,2203.0589999999997
single-mode-cost,hybrid-seeded,18,ALLOC-SYN-0004,Zhicheng,Shanghai,85.0,Zhicheng>Chenglingji>Shanghai,rail+rail,48.8155,18136.1474,5315.480100000001
single-mode-cost,hybrid-seeded,18,ALLOC-SYN-0005,Shashi,Zhangjiagang,20.0,Shashi>Chizhou>Tongling>Wuhu>Zhangjiagang,water+water+water+water,74.68299999999999,1195.383,451.31759999999997
single-mode-cost,hybrid-seeded,18,ALLOC-SYN-0006,Zhicheng,Nantong,20.0,Zhicheng>Shashi>Chenglingji>Honghu>Hankou>Nantong,water+water+water+water+water,73.25200000000001,1165.7579999999998,441.0144
single-mode-cost,hybrid-seeded,18,ALLOC-SYN-0007,Chenglingji,Zhangjiagang,20.0,Chenglingji>Zhenjiang>Gaogang>Jiangyin>Zhangjiagang,water+water+water+water,63.83433333333333,1141.8654,459.60720000000003
single-mode-cost,hybrid-seeded,18,ALLOC-SYN-0008,Chongqing,Jiangyin,85.0,Chongqing>Yichang>Wuxue>Gaogang>Jiangyin,water+water+water+water,71.48633333333333,5657.859675,2187.4818000000005
single-mode-cost,hybrid-seeded,18,ALLOC-SYN-0009,Shashi,Gaogang,20.0,Shashi>Chenglingji>Zhenjiang>Gaogang,road+road+road,16.197875,5016.0148,1840.0785999999998
single-mode-cost,hybrid-seeded,18,ALLOC-SYN-0010,Chongqing,Jiangyin,40.0,Chongqing>Wuhu>Maanshan>Nanjing>Zhenjiang>Gaogang>Jiangyin,rail+rail+rail+rail+rail+rail,50.52783333333334,9987.2612,2674.0056
single-mode-cost,hybrid-seeded,18,ALLOC-SYN-0011,Zhicheng,Gaogang,85.0,Zhicheng>Chenglingji>Zhenjiang>Gaogang,water+water+water,74.71366666666667,4724.33145,1919.0382000000002
single-mode-cost,hybrid-seeded,18,ALLOC-SYN-0012,Chongqing,Nantong,85.0,Chongqing>Nantong,rail,27.663333333333334,19257.8295,5925.486000000001
single-mode-cost,hybrid-seeded,18,ALLOC-SYN-0013,Chenglingji,Gaogang,20.0,Chenglingji>Zhenjiang>Gaogang,road+road,38.824374999999996,4438.046,1684.049
single-mode-cost,hybrid-seeded,18,ALLOC-SYN-0014,Zhicheng,Shanghai,85.0,Zhicheng>Chenglingji>Shanghai,rail+rail,24.8155,18136.1474,5315.480100000001
single-mode-cost,hybrid-seeded,18,ALLOC-SYN-0015,Chongqing,Shanghai,85.0,Chongqing>Nantong>Shanghai,rail+rail,41.510666666666665,21104.4239,6321.184800000001
single-mode-cost,hybrid-seeded,18,ALLOC-SYN-0016,Shashi,Shanghai,40.0,Shashi>Chenglingji>Shanghai,rail+rail,23.72083333333333,8019.726400000001,2391.0600000000004
single-mode-cost,hybrid-seeded,18,ALLOC-SYN-0017,Chenglingji,Zhangjiagang,85.0,Chenglingji>Honghu>Hankou>Yangluo>Wuhu>Zhangjiagang,water+water+water+water+water,65.86699999999999,5307.23,1648.3302
single-mode-cost,hybrid-seeded,18,ALLOC-SYN-0018,Zhicheng,Shanghai,40.0,Zhicheng>Chenglingji>Shanghai,road+road,18.13475,11049.6566,4120.215200000001
single-mode-cost,hybrid-seeded,18,ALLOC-SYN-0019,Shashi,Nantong,40.0,Shashi>Chenglingji>Honghu>Hankou>Nantong,rail+rail+rail+rail,25.363166666666665,9043.2034,2556.6072
single-mode-cost,hybrid-seeded,18,ALLOC-SYN-0020,Shashi,Zhangjiagang,20.0,Shashi>Chizhou>Tongling>Wuhu>Zhangjiagang,rail+rail+rail+rail,24.262999999999998,5069.2416,1222.8552
single-mode-cost,hybrid-seeded,18,ALLOC-SYN-0021,Zhicheng,Zhangjiagang,20.0,Zhicheng>Shashi>Chenglingji>Honghu>Hankou>Yangluo>Jiangyin>Zhangjiagang,rail+rail+rail+rail+rail+rail+rail,40.42833333333333,5432.8694000000005,1432.788
single-mode-cost,hybrid-seeded,18,ALLOC-SYN-0022,Chenglingji,Gaogang,20.0,Chenglingji>Zhenjiang>Gaogang,road+road,14.824375000000002,4438.046,1684.049
single-mode-cost,hybrid-seeded,18,ALLOC-SYN-0023,Zhicheng,Jiangyin,40.0,Zhicheng>Yangluo>Jiangyin,water+water,76.28666666666666,2263.3931999999995,925.7280000000001
single-mode-cost,hybrid-seeded,18,ALLOC-SYN-0024,Chongqing,Nantong,85.0,Chongqing>Wuhu>Zhangjiagang>Nantong,rail+rail+rail,40.059666666666665,21599.84555,6010.3805999999995
single-mode-cost,hybrid-seeded,18,ALLOC-SYN-0025,Chongqing,Shanghai,40.0,Chongqing>Nantong>Shanghai,rail+rail,41.510666666666665,9931.4936,2974.6752000000006
single-mode-cost,hybrid-seeded,18,ALLOC-SYN-0026,Chongqing,Shanghai,40.0,Chongqing>Nantong>Shanghai,water+water,66.81966666666666,2148.3906,962.2032000000002
single-mode-cost,hybrid-seeded,18,ALLOC-SYN-0027,Chongqing,Gaogang,40.0,Chongqing>Yichang>Wuxue>Gaogang,water+water+water,67.46166666666667,2445.1901999999995,971.4480000000001
single-mode-cost,hybrid-seeded,18,ALLOC-SYN-0028,Yichang,Gaogang,20.0,Yichang>Zhicheng>Chenglingji>Zhenjiang>Gaogang,road+road+road+road,42.260875,5884.1252,2074.4354
single-mode-cost,hybrid-seeded,18,ALLOC-SYN-0029,Zhicheng,Zhangjiagang,20.0,Zhicheng>Yangluo>Jiangyin>Zhangjiagang,water+water+water,81.90266666666666,1283.3285999999998,503.29920000000004
single-mode-cost,hybrid-seeded,18,ALLOC-SYN-0030,Chenglingji,Shanghai,40.0,Chenglingji>Shanghai,water,87.94,1956.5639999999999,920.736
single-mode-cost,hybrid-seeded,18,ALLOC-SYN-0031,Zhicheng,Shanghai,40.0,Zhicheng>Chenglingji>Shanghai,rail+rail,24.8155,8534.657600000002,2501.4024000000004
single-mode-cost,hybrid-seeded,18,ALLOC-SYN-0032,Yichang,Jiangyin,20.0,Yichang>Wuxue>Gaogang>Jiangyin,rail+rail+rail,49.63633333333334,5285.6964,1292.0712
single-mode-cost,hybrid-seeded,18,ALLOC-SYN-0033,Shashi,Nantong,40.0,Shashi>Chenglingji>Honghu>Hankou>Nantong,water+water+water+water,55.418000000000006,2016.4799999999998,798.0192000000001
single-mode-cost,hybrid-seeded,18,ALLOC-SYN-0034,Yichang,Shanghai,40.0,Yichang>Zhicheng>Chenglingji>Shanghai,water+water+water,88.105,2613.4739999999997,1095.912
single-mode-cost,hybrid-seeded,18,ALLOC-SYN-0035,Shashi,Jiangyin,40.0,Shashi>Chenglingji>Zhenjiang>Gaogang>Jiangyin,rail+rail+rail+rail,23.057166666666664,8289.614200000002,2324.1624000000006
single-mode-cost,hybrid-seeded,18,ALLOC-SYN-0036,Yichang,Gaogang,20.0,Yichang>Zhicheng>Chenglingji>Zhenjiang>Gaogang,road+road+road+road,30.260875000000002,5884.1252,2074.4354
single-mode-cost,hybrid-seeded,18,ALLOC-SYN-0037,Zhicheng,Gaogang,85.0,Zhicheng>Chenglingji>Zhenjiang>Gaogang,water+water+water,62.71366666666667,4724.33145,1919.0382000000002
single-mode-cost,hybrid-seeded,18,ALLOC-SYN-0038,Chongqing,Nantong,40.0,Chongqing>Nantong,water,86.38766666666666,1909.0626,898.3824000000002
single-mode-cost,hybrid-seeded,18,ALLOC-SYN-0039,Chongqing,Zhangjiagang,40.0,Chongqing>Wuhu>Zhangjiagang,rail+rail,50.152166666666666,9267.3452,2636.1384
single-mode-cost,hybrid-seeded,18,ALLOC-SYN-0040,Chongqing,Zhangjiagang,40.0,Chongqing>Wuhu>Zhangjiagang,rail+rail,50.152166666666666,9267.3452,2636.1384
single-mode-cost,hybrid-seeded,18,ALLOC-SYN-0041,Yichang,Gaogang,40.0,Yichang>Zhicheng>Chenglingji>Zhenjiang>Gaogang,rail+rail+rail+rail,24.168999999999997,8812.620600000002,2436.2352000000005
single-mode-cost,hybrid-seeded,18,ALLOC-SYN-0042,Shashi,Jiangyin,20.0,Shashi>Chenglingji>Zhenjiang>Gaogang>Jiangyin,road+road+road+road,41.479749999999996,5555.4278,1985.6996
single-mode-cost,hybrid-seeded,18,ALLOC-SYN-0043,Chongqing,Shanghai,20.0,Chongqing>Nantong>Shanghai,water+water,66.81966666666666,1074.1953,481.1016000000001
single-mode-cost,hybrid-seeded,18,ALLOC-SYN-0044,Zhicheng,Nantong,20.0,Zhicheng>Chenglingji>Honghu>Hankou>Nantong,road+road+road+road,43.642875000000004,6308.2443,2231.4305999999997
single-mode-cost,hybrid-seeded,18,ALLOC-SYN-0045,Yichang,Jiangyin,20.0,Yichang>Zhicheng>Chenglingji>Zhenjiang>Gaogang>Jiangyin,road+road+road+road+road,19.54275,6423.5382,2220.0564
single-mode-cost,hybrid-seeded,18,ALLOC-SYN-0046,Yichang,Nantong,40.0,Yichang>Zhicheng>Chenglingji>Honghu>Hankou>Nantong,water+water+water+water+water,62.24066666666667,2384.9039999999995,896.2656000000002
single-mode-cost,hybrid-seeded,18,ALLOC-SYN-0047,Yichang,Jiangyin,85.0,Yichang>Wuxue>Gaogang>Jiangyin,water+water+water,67.27233333333334,5174.303175,2058.5334000000003
multimodal-cost,adaptive,3,ALLOC-SYN-0000,Chenglingji,Zhangjiagang,85.0,Chenglingji>Zhenjiang>Gaogang>Jiangyin>Zhangjiagang,rail+rail+rail+rail,47.078833333333336,17637.088175,4943.486100000001
multimodal-cost,adaptive,3,ALLOC-SYN-0001,Chenglingji,Nantong,40.0,Chenglingji>Honghu>Hankou>Nantong,water+rail+water,51.087,2538.0564,847.1632000000001
multimodal-cost,adaptive,3,ALLOC-SYN-0002,Yichang,Nantong,20.0,Yichang>Zhicheng>Chenglingji>Honghu>Hankou>Nantong,water+water+rail+water+water,86.26650000000001,1561.2002,505.26200000000006
multimodal-cost,adaptive,3,ALLOC-SYN-0003,Yichang,Shanghai,20.0,Yichang>Zhicheng>Chenglingji>Shanghai,road+road+road,19.393124999999998,6054.3525,2203.0589999999997
multimodal-cost,adaptive,3,ALLOC-SYN-0004,Zhicheng,Shanghai,85.0,Zhicheng>Chenglingji>Shanghai,rail+rail,48.8155,18136.1474,5315.480100000001
multimodal-cost,adaptive,3,ALLOC-SYN-0005,Shashi,Zhangjiagang,20.0,Shashi>Chizhou>Tongling>Wuhu>Zhangjiagang,water+water+water+water,74.68299999999999,1195.383,451.31759999999997
multimodal-cost,adaptive,3,ALLOC-SYN-0006,Zhicheng,Nantong,20.0,Zhicheng>Chenglingji>Honghu>Hankou>Nantong,road+road+road+road,31.642875,6308.2443,2231.4305999999997
multimodal-cost,adaptive,3,ALLOC-SYN-0007,Chenglingji,Zhangjiagang,20.0,Chenglingji>Nanjing>Zhenjiang>Gaogang>Jiangyin>Zhangjiagang,water+water+water+water+water,61.01866666666666,1143.4913999999999,439.33439999999996
multimodal-cost,adaptive,3,ALLOC-SYN-0008,Chongqing,Jiangyin,85.0,Chongqing>Yichang>Wuxue>Gaogang>Jiangyin,water+water+water+water,71.48633333333333,5657.859675,2187.4818000000005
multimodal-cost,adaptive,3,ALLOC-SYN-0009,Shashi,Gaogang,20.0,Shashi>Chenglingji>Zhenjiang>Gaogang,road+road+road,16.197875,5016.0148,1840.0785999999998
multimodal-cost,adaptive,3,ALLOC-SYN-0010,Chongqing,Jiangyin,40.0,Chongqing>Wuhu>Maanshan>Nanjing>Zhenjiang>Gaogang>Jiangyin,rail+rail+rail+rail+rail+rail,50.52783333333334,9987.2612,2674.0056
multimodal-cost,adaptive,3,ALLOC-SYN-0011,Zhicheng,Gaogang,85.0,Zhicheng>Chenglingji>Zhenjiang>Gaogang,water+water+water,74.71366666666667,4724.33145,1919.0382000000002
multimodal-cost,adaptive,3,ALLOC-SYN-0012,Chongqing,Nantong,85.0,Chongqing>Nantong,rail,27.663333333333334,19257.8295,5925.486000000001
multimodal-cost,adaptive,3,ALLOC-SYN-0013,Chenglingji,Gaogang,20.0,Chenglingji>Zhenjiang>Gaogang,water+rail,76.336,1191.972,441.92080000000004
multimodal-cost,adaptive,3,ALLOC-SYN-0014,Zhicheng,Shanghai,85.0,Zhicheng>Chenglingji>Shanghai,rail+rail,24.8155,18136.1474,5315.480100000001
multimodal-cost,adaptive,3,ALLOC-SYN-0015,Chongqing,Shanghai,85.0,Chongqing>Nantong>Shanghai,rail+rail,41.510666666666665,21104.4239,6321.184800000001
multimodal-cost,adaptive,3,ALLOC-SYN-0016,Shashi,Shanghai,40.0,Shashi>Chenglingji>Zhenjiang>Shanghai,rail+rail+rail,26.367166666666666,9846.638200000001,2657.8104000000003
multimodal-cost,adaptive,3,ALLOC-SYN-0017,Chenglingji,Zhangjiagang,85.0,Chenglingji>Honghu>Hankou>Yangluo>Wuhu>Zhangjiagang,water+water+water+water+water,65.86699999999999,5307.23,1648.3302
multimodal-cost,adaptive,3,ALLOC-SYN-0018,Zhicheng,Shanghai,40.0,Zhicheng>Chenglingji>Shanghai,rail+rail,24.8155,8534.657600000002,2501.4024000000004
multimodal-cost,adaptive,3,ALLOC-SYN-0019,Shashi,Nantong,40.0,Shashi>Chenglingji>Honghu>Hankou>Nantong,rail+rail+rail+rail,25.363166666666665,9043.2034,2556.6072
multimodal-cost,adaptive,3,ALLOC-SYN-0020,Shashi,Zhangjiagang,20.0,Shashi>Chenglingji>Honghu>Hankou>Yangluo>Wuhu>Zhangjiagang,water+water+water+water+water+water,59.20933333333334,1393.003,426.3072
multimodal-cost,adaptive,3,ALLOC-SYN-0021,Zhicheng,Zhangjiagang,20.0,Zhicheng>Chenglingji>Zhenjiang>Gaogang>Jiangyin>Zhangjiagang,road+road+road+road+road,31.6765,6479.8202,2235.2504
multimodal-cost,adaptive,3,ALLOC-SYN-0022,Chenglingji,Gaogang,20.0,Chenglingji>Zhenjiang>Gaogang,water+rail,52.336,1191.972,441.92080000000004
multimodal-cost,adaptive,3,ALLOC-SYN-0023,Zhicheng,Jiangyin,40.0,Zhicheng>Yangluo>Jiangyin,water+water,76.28666666666666,2263.3931999999995,925.7280000000001
multimodal-cost,adaptive,3,ALLOC-SYN-0024,Chongqing,Nantong,85.0,Chongqing>Wuhu>Zhangjiagang>Nantong,rail+rail+rail,40.059666666666665,21599.84555,6010.3805999999995
multimodal-cost,adaptive,3,ALLOC-SYN-0025,Chongqing,Shanghai,40.0,Chongqing>Nantong>Shanghai,rail+rail,41.510666666666665,9931.4936,2974.6752000000006
multimodal-cost,adaptive,3,ALLOC-SYN-0026,Chongqing,Shanghai,40.0,Chongqing>Nantong>Shanghai,water+water,66.81966666666666,2148.3906,962.2032000000002
multimodal-cost,adaptive,3,ALLOC-SYN-0027,Chongqing,Gaogang,40.0,Chongqing>Shashi>Chenglingji>Zhenjiang>Gaogang,water+water+water+water,68.37266666666667,2528.8008,984.5664
multimodal-cost,adaptive,3,ALLOC-SYN-0028,Yichang,Gaogang,20.0,Yichang>Wuxue>Gaogang,water+water,87.24766666666667,1108.8170999999998,455.38320000000004
multimodal-cost,adaptive,3,ALLOC-SYN-0029,Zhicheng,Zhangjiagang,20.0,Zhicheng>Yangluo>Jiangyin>Zhangjiagang,water+water+water,81.90266666666666,1283.3285999999998,503.29920000000004
multimodal-cost,adaptive,3,ALLOC-SYN-0030,Chenglingji,Shanghai,40.0,Chenglingji>Shanghai,water,87.94,1956.5639999999999,920.736
multimodal-cost,adaptive,3,ALLOC-SYN-0031,Zhicheng,Shanghai,40.0,Zhicheng>Chenglingji>Shanghai,rail+rail,24.8155,8534.657600000002,2501.4024000000004
multimodal-cost,adaptive,3,ALLOC-SYN-0032,Yichang,Jiangyin,20.0,Yichang>Wuxue>Gaogang>Jiangyin,rail+rail+rail,49.63633333333334,5285.6964,1292.0712
multimodal-cost,adaptive,3,ALLOC-SYN-0033,Shashi,Nantong,40.0,Shashi>Chenglingji>Honghu>Hankou>Nantong,water+rail+water+water,57.44383333333334,2753.9764,912.2776
multimodal-cost,adaptive,3,ALLOC-SYN-0034,Yichang,Shanghai,40.0,Yichang>Zhicheng>Shashi>Chenglingji>Shanghai,water+water+water+water,90.76133333333334,2756.9159999999997,1134.1632
multimodal-cost,adaptive,3,ALLOC-SYN-0035,Shashi,Jiangyin,40.0,Shashi>Chenglingji>Honghu>Hankou>Yangluo>Jiangyin,rail+rail+rail+rail+rail,24.510999999999996,9023.0252,2470.7088
multimodal-cost,adaptive,3,ALLOC-SYN-0036,Yichang,Gaogang,20.0,Yichang>Zhicheng>Chenglingji>Zhenjiang>Gaogang,road+road+road+road,30.260875000000002,5884.1252,2074.4354
multimodal-cost,adaptive,3,ALLOC-SYN-0037,Zhicheng,Gaogang,85.0,Zhicheng>Chenglingji>Nanjing>Zhenjiang>Gaogang,water+water+water+water,59.897999999999996,4731.24195,1832.8788
multimodal-cost,adaptive,3,ALLOC-SYN-0038,Chongqing,Nantong,40.0,Chongqing>Nantong,water,86.38766666666666,1909.0626,898.3824000000002
multimodal-cost,adaptive,3,ALLOC-SYN-0039,Chongqing,Zhangjiagang,40.0,Chongqing>Wuhu>Zhangjiagang,rail+rail,50.152166666666666,9267.3452,2636.1384
multimodal-cost,adaptive,3,ALLOC-SYN-0040,Chongqing,Zhangjiagang,40.0,Chongqing>Wuhu>Zhangjiagang,rail+rail,50.152166666666666,9267.3452,2636.1384
multimodal-cost,adaptive,3,ALLOC-SYN-0041,Yichang,Gaogang,40.0,Yichang>Zhicheng>Chenglingji>Zhenjiang>Gaogang,road+road+road+road,18.260875000000002,11768.2504,4148.8708
multimodal-cost,adaptive,3,ALLOC-SYN-0042,Shashi,Jiangyin,20.0,Shashi>Chenglingji>Zhenjiang>Gaogang>Jiangyin,road+road+road+road,41.479749999999996,5555.4278,1985.6996
multimodal-cost,adaptive,3,ALLOC-SYN-0043,Chongqing,Shanghai,20.0,Chongqing>Nantong>Shanghai,water+water,66.81966666666666,1074.1953,481.1016000000001
multimodal-cost,adaptive,3,ALLOC-SYN-0044,Zhicheng,Nantong,20.0,Zhicheng>Chenglingji>Honghu>Hankou>Nantong,water+water+rail+water,81.607,1499.0682,484.92560000000003
multimodal-cost,adaptive,3,ALLOC-SYN-0045,Yichang,Jiangyin,20.0,Yichang>Wuxue>Gaogang>Jiangyin,rail+rail+rail,25.636333333333333,5285.6964,1292.0712
multimodal-cost,adaptive,3,ALLOC-SYN-0046,Yichang,Nantong,40.0,Yichang>Wuxue>Jiujiang>Anqing>Tongling>Wuhu>Zhangjiagang>Nantong,water+water+water+water+water+water+water,65.13733333333333,3089.7096,937.9776000000002
multimodal-cost,adaptive,3,ALLOC-SYN-0047,Yichang,Jiangyin,85.0,Yichang>Wuxue>Gaogang>Jiangyin,water+water+water,67.27233333333334,5174.303175,2058.5334000000003
multimodal-reduction-20,adaptive,3,ALLOC-SYN-0000,Chenglingji,Zhangjiagang,85.0,Chenglingji>Zhenjiang>Gaogang>Jiangyin>Zhangjiagang,rail+rail+rail+rail,47.078833333333336,17637.088175,4943.486100000001
multimodal-reduction-20,adaptive,3,ALLOC-SYN-0001,Chenglingji,Nantong,40.0,Chenglingji>Honghu>Hankou>Nantong,water+rail+water,51.087,2538.0564,847.1632000000001
multimodal-reduction-20,adaptive,3,ALLOC-SYN-0002,Yichang,Nantong,20.0,Yichang>Zhicheng>Chenglingji>Honghu>Hankou>Nantong,water+water+rail+water+water,86.26650000000001,1561.2002,505.26200000000006
multimodal-reduction-20,adaptive,3,ALLOC-SYN-0003,Yichang,Shanghai,20.0,Yichang>Zhicheng>Chenglingji>Shanghai,road+road+road,19.393124999999998,6054.3525,2203.0589999999997
multimodal-reduction-20,adaptive,3,ALLOC-SYN-0004,Zhicheng,Shanghai,85.0,Zhicheng>Chenglingji>Shanghai,rail+rail,48.8155,18136.1474,5315.480100000001
multimodal-reduction-20,adaptive,3,ALLOC-SYN-0005,Shashi,Zhangjiagang,20.0,Shashi>Chizhou>Tongling>Wuhu>Zhangjiagang,water+water+water+water,74.68299999999999,1195.383,451.31759999999997
multimodal-reduction-20,adaptive,3,ALLOC-SYN-0006,Zhicheng,Nantong,20.0,Zhicheng>Chenglingji>Honghu>Hankou>Nantong,road+road+road+road,31.642875,6308.2443,2231.4305999999997
multimodal-reduction-20,adaptive,3,ALLOC-SYN-0007,Chenglingji,Zhangjiagang,20.0,Chenglingji>Nanjing>Zhenjiang>Gaogang>Jiangyin>Zhangjiagang,water+water+water+water+water,61.01866666666666,1143.4913999999999,439.33439999999996
multimodal-reduction-20,adaptive,3,ALLOC-SYN-0008,Chongqing,Jiangyin,85.0,Chongqing>Yichang>Wuxue>Gaogang>Jiangyin,water+water+water+water,71.48633333333333,5657.859675,2187.4818000000005
multimodal-reduction-20,adaptive,3,ALLOC-SYN-0009,Shashi,Gaogang,20.0,Shashi>Chenglingji>Zhenjiang>Gaogang,road+road+road,16.197875,5016.0148,1840.0785999999998
multimodal-reduction-20,adaptive,3,ALLOC-SYN-0010,Chongqing,Jiangyin,40.0,Chongqing>Wuhu>Maanshan>Nanjing>Zhenjiang>Gaogang>Jiangyin,rail+rail+rail+rail+rail+rail,50.52783333333334,9987.2612,2674.0056
multimodal-reduction-20,adaptive,3,ALLOC-SYN-0011,Zhicheng,Gaogang,85.0,Zhicheng>Chenglingji>Zhenjiang>Gaogang,water+water+water,74.71366666666667,4724.33145,1919.0382000000002
multimodal-reduction-20,adaptive,3,ALLOC-SYN-0012,Chongqing,Nantong,85.0,Chongqing>Nantong,rail,27.663333333333334,19257.8295,5925.486000000001
multimodal-reduction-20,adaptive,3,ALLOC-SYN-0013,Chenglingji,Gaogang,20.0,Chenglingji>Zhenjiang>Gaogang,water+rail,76.336,1191.972,441.92080000000004
multimodal-reduction-20,adaptive,3,ALLOC-SYN-0014,Zhicheng,Shanghai,85.0,Zhicheng>Chenglingji>Shanghai,rail+rail,24.8155,18136.1474,5315.480100000001
multimodal-reduction-20,adaptive,3,ALLOC-SYN-0015,Chongqing,Shanghai,85.0,Chongqing>Nantong>Shanghai,rail+rail,41.510666666666665,21104.4239,6321.184800000001
multimodal-reduction-20,adaptive,3,ALLOC-SYN-0016,Shashi,Shanghai,40.0,Shashi>Chenglingji>Zhenjiang>Shanghai,rail+rail+rail,26.367166666666666,9846.638200000001,2657.8104000000003
multimodal-reduction-20,adaptive,3,ALLOC-SYN-0017,Chenglingji,Zhangjiagang,85.0,Chenglingji>Honghu>Hankou>Yangluo>Wuhu>Zhangjiagang,water+water+water+water+water,65.86699999999999,5307.23,1648.3302
multimodal-reduction-20,adaptive,3,ALLOC-SYN-0018,Zhicheng,Shanghai,40.0,Zhicheng>Chenglingji>Shanghai,rail+rail,24.8155,8534.657600000002,2501.4024000000004
multimodal-reduction-20,adaptive,3,ALLOC-SYN-0019,Shashi,Nantong,40.0,Shashi>Chenglingji>Honghu>Hankou>Nantong,rail+rail+rail+rail,25.363166666666665,9043.2034,2556.6072
multimodal-reduction-20,adaptive,3,ALLOC-SYN-0020,Shashi,Zhangjiagang,20.0,Shashi>Chenglingji>Honghu>Hankou>Yangluo>Wuhu>Zhangjiagang,water+water+water+water+water+water,59.20933333333334,1393.003,426.3072
multimodal-reduction-20,adaptive,3,ALLOC-SYN-0021,Zhicheng,Zhangjiagang,20.0,Zhicheng>Chenglingji>Zhenjiang>Gaogang>Jiangyin>Zhangjiagang,road+road+road+road+road,31.6765,6479.8202,2235.2504
multimodal-reduction-20,adaptive,3,ALLOC-SYN-0022,Chenglingji,Gaogang,20.0,Chenglingji>Zhenjiang>Gaogang,water+rail,52.336,1191.972,441.92080000000004
multimodal-reduction-20,adaptive,3,ALLOC-SYN-0023,Zhicheng,Jiangyin,40.0,Zhicheng>Yangluo>Jiangyin,water+water,76.28666666666666,2263.3931999999995,925.7280000000001
multimodal-reduction-20,adaptive,3,ALLOC-SYN-0024,Chongqing,Nantong,85.0,Chongqing>Wuhu>Zhangjiagang>Nantong,rail+rail+rail,40.059666666666665,21599.84555,6010.3805999999995
multimodal-reduction-20,adaptive,3,ALLOC-SYN-0025,Chongqing,Shanghai,40.0,Chongqing>Nantong>Shanghai,rail+rail,41.510666666666665,9931.4936,2974.6752000000006
multimodal-reduction-20,adaptive,3,ALLOC-SYN-0026,Chongqing,Shanghai,40.0,Chongqing>Nantong>Shanghai,water+water,66.81966666666666,2148.3906,962.2032000000002
multimodal-reduction-20,adaptive,3,ALLOC-SYN-0027,Chongqing,Gaogang,40.0,Chongqing>Shashi>Chenglingji>Zhenjiang>Gaogang,water+water+water+water,68.37266666666667,2528.8008,984.5664
multimodal-reduction-20,adaptive,3,ALLOC-SYN-0028,Yichang,Gaogang,20.0,Yichang>Wuxue>Gaogang,water+water,87.24766666666667,1108.8170999999998,455.38320000000004
multimodal-reduction-20,adaptive,3,ALLOC-SYN-0029,Zhicheng,Zhangjiagang,20.0,Zhicheng>Yangluo>Jiangyin>Zhangjiagang,water+water+water,81.90266666666666,1283.3285999999998,503.29920000000004
multimodal-reduction-20,adaptive,3,ALLOC-SYN-0030,Chenglingji,Shanghai,40.0,Chenglingji>Shanghai,water,87.94,1956.5639999999999,920.736
multimodal-reduction-20,adaptive,3,ALLOC-SYN-0031,Zhicheng,Shanghai,40.0,Zhicheng>Chenglingji>Shanghai,rail+rail,24.8155,8534.657600000002,2501.4024000000004
multimodal-reduction-20,adaptive,3,ALLOC-SYN-0032,Yichang,Jiangyin,20.0,Yichang>Wuxue>Gaogang>Jiangyin,rail+rail+rail,49.63633333333334,5285.6964,1292.0712
multimodal-reduction-20,adaptive,3,ALLOC-SYN-0033,Shashi,Nantong,40.0,Shashi>Chenglingji>Honghu>Hankou>Nantong,water+rail+water+water,57.44383333333334,2753.9764,912.2776
multimodal-reduction-20,adaptive,3,ALLOC-SYN-0034,Yichang,Shanghai,40.0,Yichang>Zhicheng>Shashi>Chenglingji>Shanghai,water+water+water+water,90.76133333333334,2756.9159999999997,1134.1632
multimodal-reduction-20,adaptive,3,ALLOC-SYN-0035,Shashi,Jiangyin,40.0,Shashi>Chenglingji>Honghu>Hankou>Yangluo>Jiangyin,rail+rail+rail+rail+rail,24.510999999999996,9023.0252,2470.7088
multimodal-reduction-20,adaptive,3,ALLOC-SYN-0036,Yichang,Gaogang,20.0,Yichang>Zhicheng>Chenglingji>Zhenjiang>Gaogang,road+road+road+road,30.260875000000002,5884.1252,2074.4354
multimodal-reduction-20,adaptive,3,ALLOC-SYN-0037,Zhicheng,Gaogang,85.0,Zhicheng>Chenglingji>Nanjing>Zhenjiang>Gaogang,water+water+water+water,59.897999999999996,4731.24195,1832.8788
multimodal-reduction-20,adaptive,3,ALLOC-SYN-0038,Chongqing,Nantong,40.0,Chongqing>Nantong,water,86.38766666666666,1909.0626,898.3824000000002
multimodal-reduction-20,adaptive,3,ALLOC-SYN-0039,Chongqing,Zhangjiagang,40.0,Chongqing>Wuhu>Zhangjiagang,rail+rail,50.152166666666666,9267.3452,2636.1384
multimodal-reduction-20,adaptive,3,ALLOC-SYN-0040,Chongqing,Zhangjiagang,40.0,Chongqing>Wuhu>Zhangjiagang,rail+rail,50.152166666666666,9267.3452,2636.1384
multimodal-reduction-20,adaptive,3,ALLOC-SYN-0041,Yichang,Gaogang,40.0,Yichang>Zhicheng>Chenglingji>Zhenjiang>Gaogang,road+road+road+road,18.260875000000002,11768.2504,4148.8708
multimodal-reduction-20,adaptive,3,ALLOC-SYN-0042,Shashi,Jiangyin,20.0,Shashi>Chenglingji>Zhenjiang>Gaogang>Jiangyin,road+road+road+road,41.479749999999996,5555.4278,1985.6996
multimodal-reduction-20,adaptive,3,ALLOC-SYN-0043,Chongqing,Shanghai,20.0,Chongqing>Nantong>Shanghai,water+water,66.81966666666666,1074.1953,481.1016000000001
multimodal-reduction-20,adaptive,3,ALLOC-SYN-0044,Zhicheng,Nantong,20.0,Zhicheng>Chenglingji>Honghu>Hankou>Nantong,water+water+rail+water,81.607,1499.0682,484.92560000000003
multimodal-reduction-20,adaptive,3,ALLOC-SYN-0045,Yichang,Jiangyin,20.0,Yichang>Wuxue>Gaogang>Jiangyin,rail+rail+rail,25.636333333333333,5285.6964,1292.0712
multimodal-reduction-20,adaptive,3,ALLOC-SYN-0046,Yichang,Nantong,40.0,Yichang>Wuxue>Jiujiang>Anqing>Tongling>Wuhu>Zhangjiagang>Nantong,water+water+water+water+water+water+water,65.13733333333333,3089.7096,937.9776000000002
multimodal-reduction-20,adaptive,3,ALLOC-SYN-0047,Yichang,Jiangyin,85.0,Yichang>Wuxue>Gaogang>Jiangyin,water+water+water,67.27233333333334,5174.303175,2058.5334000000003
multimodal-reduction-40,adaptive,3,ALLOC-SYN-0000,Chenglingji,Zhangjiagang,85.0,Chenglingji>Zhenjiang>Gaogang>Jiangyin>Zhangjiagang,rail+rail+rail+rail,47.078833333333336,17637.088175,4943.486100000001
multimodal-reduction-40,adaptive,3,ALLOC-SYN-0001,Chenglingji,Nantong,40.0,Chenglingji>Honghu>Hankou>Nantong,water+rail+water,51.087,2538.0564,847.1632000000001
multimodal-reduction-40,adaptive,3,ALLOC-SYN-0002,Yichang,Nantong,20.0,Yichang>Zhicheng>Chenglingji>Honghu>Hankou>Nantong,water+water+rail+water+water,86.26650000000001,1561.2002,505.26200000000006
multimodal-reduction-40,adaptive,3,ALLOC-SYN-0003,Yichang,Shanghai,20.0,Yichang>Zhicheng>Chenglingji>Shanghai,road+road+road,19.393124999999998,6054.3525,2203.0589999999997
multimodal-reduction-40,adaptive,3,ALLOC-SYN-0004,Zhicheng,Shanghai,85.0,Zhicheng>Chenglingji>Shanghai,rail+rail,48.8155,18136.1474,5315.480100000001
multimodal-reduction-40,adaptive,3,ALLOC-SYN-0005,Shashi,Zhangjiagang,20.0,Shashi>Chizhou>Tongling>Wuhu>Zhangjiagang,water+water+water+water,74.68299999999999,1195.383,451.31759999999997
multimodal-reduction-40,adaptive,3,ALLOC-SYN-0006,Zhicheng,Nantong,20.0,Zhicheng>Chenglingji>Honghu>Hankou>Nantong,road+road+road+road,31.642875,6308.2443,2231.4305999999997
multimodal-reduction-40,adaptive,3,ALLOC-SYN-0007,Chenglingji,Zhangjiagang,20.0,Chenglingji>Nanjing>Zhenjiang>Gaogang>Jiangyin>Zhangjiagang,water+water+water+water+water,61.01866666666666,1143.4913999999999,439.33439999999996
multimodal-reduction-40,adaptive,3,ALLOC-SYN-0008,Chongqing,Jiangyin,85.0,Chongqing>Yichang>Wuxue>Gaogang>Jiangyin,water+water+water+water,71.48633333333333,5657.859675,2187.4818000000005
multimodal-reduction-40,adaptive,3,ALLOC-SYN-0009,Shashi,Gaogang,20.0,Shashi>Chenglingji>Zhenjiang>Gaogang,road+road+road,16.197875,5016.0148,1840.0785999999998
multimodal-reduction-40,adaptive,3,ALLOC-SYN-0010,Chongqing,Jiangyin,40.0,Chongqing>Wuhu>Maanshan>Nanjing>Zhenjiang>Gaogang>Jiangyin,rail+rail+rail+rail+rail+rail,50.52783333333334,9987.2612,2674.0056
multimodal-reduction-40,adaptive,3,ALLOC-SYN-0011,Zhicheng,Gaogang,85.0,Zhicheng>Chenglingji>Zhenjiang>Gaogang,water+water+water,74.71366666666667,4724.33145,1919.0382000000002
multimodal-reduction-40,adaptive,3,ALLOC-SYN-0012,Chongqing,Nantong,85.0,Chongqing>Nantong,rail,27.663333333333334,19257.8295,5925.486000000001
multimodal-reduction-40,adaptive,3,ALLOC-SYN-0013,Chenglingji,Gaogang,20.0,Chenglingji>Zhenjiang>Gaogang,water+rail,76.336,1191.972,441.92080000000004
multimodal-reduction-40,adaptive,3,ALLOC-SYN-0014,Zhicheng,Shanghai,85.0,Zhicheng>Chenglingji>Shanghai,rail+rail,24.8155,18136.1474,5315.480100000001
multimodal-reduction-40,adaptive,3,ALLOC-SYN-0015,Chongqing,Shanghai,85.0,Chongqing>Nantong>Shanghai,rail+rail,41.510666666666665,21104.4239,6321.184800000001
multimodal-reduction-40,adaptive,3,ALLOC-SYN-0016,Shashi,Shanghai,40.0,Shashi>Chenglingji>Zhenjiang>Shanghai,rail+rail+rail,26.367166666666666,9846.638200000001,2657.8104000000003
multimodal-reduction-40,adaptive,3,ALLOC-SYN-0017,Chenglingji,Zhangjiagang,85.0,Chenglingji>Honghu>Hankou>Yangluo>Wuhu>Zhangjiagang,water+water+water+water+water,65.86699999999999,5307.23,1648.3302
multimodal-reduction-40,adaptive,3,ALLOC-SYN-0018,Zhicheng,Shanghai,40.0,Zhicheng>Chenglingji>Shanghai,rail+rail,24.8155,8534.657600000002,2501.4024000000004
multimodal-reduction-40,adaptive,3,ALLOC-SYN-0019,Shashi,Nantong,40.0,Shashi>Chenglingji>Honghu>Hankou>Nantong,rail+rail+rail+rail,25.363166666666665,9043.2034,2556.6072
multimodal-reduction-40,adaptive,3,ALLOC-SYN-0020,Shashi,Zhangjiagang,20.0,Shashi>Chenglingji>Honghu>Hankou>Yangluo>Wuhu>Zhangjiagang,water+water+water+water+water+water,59.20933333333334,1393.003,426.3072
multimodal-reduction-40,adaptive,3,ALLOC-SYN-0021,Zhicheng,Zhangjiagang,20.0,Zhicheng>Chenglingji>Zhenjiang>Gaogang>Jiangyin>Zhangjiagang,road+road+road+road+road,31.6765,6479.8202,2235.2504
multimodal-reduction-40,adaptive,3,ALLOC-SYN-0022,Chenglingji,Gaogang,20.0,Chenglingji>Zhenjiang>Gaogang,water+rail,52.336,1191.972,441.92080000000004
multimodal-reduction-40,adaptive,3,ALLOC-SYN-0023,Zhicheng,Jiangyin,40.0,Zhicheng>Yangluo>Jiangyin,water+water,76.28666666666666,2263.3931999999995,925.7280000000001
multimodal-reduction-40,adaptive,3,ALLOC-SYN-0024,Chongqing,Nantong,85.0,Chongqing>Wuhu>Zhangjiagang>Nantong,rail+rail+rail,40.059666666666665,21599.84555,6010.3805999999995
multimodal-reduction-40,adaptive,3,ALLOC-SYN-0025,Chongqing,Shanghai,40.0,Chongqing>Nantong>Shanghai,rail+rail,41.510666666666665,9931.4936,2974.6752000000006
multimodal-reduction-40,adaptive,3,ALLOC-SYN-0026,Chongqing,Shanghai,40.0,Chongqing>Nantong>Shanghai,water+water,66.81966666666666,2148.3906,962.2032000000002
multimodal-reduction-40,adaptive,3,ALLOC-SYN-0027,Chongqing,Gaogang,40.0,Chongqing>Shashi>Chenglingji>Zhenjiang>Gaogang,water+water+water+water,68.37266666666667,2528.8008,984.5664
multimodal-reduction-40,adaptive,3,ALLOC-SYN-0028,Yichang,Gaogang,20.0,Yichang>Wuxue>Gaogang,water+water,87.24766666666667,1108.8170999999998,455.38320000000004
multimodal-reduction-40,adaptive,3,ALLOC-SYN-0029,Zhicheng,Zhangjiagang,20.0,Zhicheng>Yangluo>Jiangyin>Zhangjiagang,water+water+water,81.90266666666666,1283.3285999999998,503.29920000000004
multimodal-reduction-40,adaptive,3,ALLOC-SYN-0030,Chenglingji,Shanghai,40.0,Chenglingji>Shanghai,water,87.94,1956.5639999999999,920.736
multimodal-reduction-40,adaptive,3,ALLOC-SYN-0031,Zhicheng,Shanghai,40.0,Zhicheng>Chenglingji>Shanghai,rail+rail,24.8155,8534.657600000002,2501.4024000000004
multimodal-reduction-40,adaptive,3,ALLOC-SYN-0032,Yichang,Jiangyin,20.0,Yichang>Wuxue>Gaogang>Jiangyin,rail+rail+rail,49.63633333333334,5285.6964,1292.0712
multimodal-reduction-40,adaptive,3,ALLOC-SYN-0033,Shashi,Nantong,40.0,Shashi>Chenglingji>Honghu>Hankou>Nantong,water+rail+water+water,57.44383333333334,2753.9764,912.2776
multimodal-reduction-40,adaptive,3,ALLOC-SYN-0034,Yichang,Shanghai,40.0,Yichang>Zhicheng>Shashi>Chenglingji>Shanghai,water+water+water+water,90.76133333333334,2756.9159999999997,1134.1632
multimodal-reduction-40,adaptive,3,ALLOC-SYN-0035,Shashi,Jiangyin,40.0,Shashi>Chenglingji>Honghu>Hankou>Yangluo>Jiangyin,rail+rail+rail+rail+rail,24.510999999999996,9023.0252,2470.7088
multimodal-reduction-40,adaptive,3,ALLOC-SYN-0036,Yichang,Gaogang,20.0,Yichang>Zhicheng>Chenglingji>Zhenjiang>Gaogang,road+road+road+road,30.260875000000002,5884.1252,2074.4354
multimodal-reduction-40,adaptive,3,ALLOC-SYN-0037,Zhicheng,Gaogang,85.0,Zhicheng>Chenglingji>Nanjing>Zhenjiang>Gaogang,water+water+water+water,59.897999999999996,4731.24195,1832.8788
multimodal-reduction-40,adaptive,3,ALLOC-SYN-0038,Chongqing,Nantong,40.0,Chongqing>Nantong,water,86.38766666666666,1909.0626,898.3824000000002
multimodal-reduction-40,adaptive,3,ALLOC-SYN-0039,Chongqing,Zhangjiagang,40.0,Chongqing>Wuhu>Zhangjiagang,rail+rail,50.152166666666666,9267.3452,2636.1384
multimodal-reduction-40,adaptive,3,ALLOC-SYN-0040,Chongqing,Zhangjiagang,40.0,Chongqing>Wuhu>Zhangjiagang,rail+rail,50.152166666666666,9267.3452,2636.1384
multimodal-reduction-40,adaptive,3,ALLOC-SYN-0041,Yichang,Gaogang,40.0,Yichang>Zhicheng>Chenglingji>Zhenjiang>Gaogang,road+road+road+road,18.260875000000002,11768.2504,4148.8708
multimodal-reduction-40,adaptive,3,ALLOC-SYN-0042,Shashi,Jiangyin,20.0,Shashi>Chenglingji>Zhenjiang>Gaogang>Jiangyin,road+road+road+road,41.479749999999996,5555.4278,1985.6996
multimodal-reduction-40,adaptive,3,ALLOC-SYN-0043,Chongqing,Shanghai,20.0,Chongqing>Nantong>Shanghai,water+water,66.81966666666666,1074.1953,481.1016000000001
multimodal-reduction-40,adaptive,3,ALLOC-SYN-0044,Zhicheng,Nantong,20.0,Zhicheng>Chenglingji>Honghu>Hankou>Nantong,water+water+rail+water,81.607,1499.0682,484.92560000000003
multimodal-reduction-40,adaptive,3,ALLOC-SYN-0045,Yichang,Jiangyin,20.0,Yichang>Wuxue>Gaogang>Jiangyin,rail+rail+rail,25.636333333333333,5285.6964,1292.0712
multimodal-reduction-40,adaptive,3,ALLOC-SYN-0046,Yichang,Nantong,40.0,Yichang>Wuxue>Jiujiang>Anqing>Tongling>Wuhu>Zhangjiagang>Nantong,water+water+water+water+water+water+water,65.13733333333333,3089.7096,937.9776000000002
multimodal-reduction-40,adaptive,3,ALLOC-SYN-0047,Yichang,Jiangyin,85.0,Yichang>Wuxue>Gaogang>Jiangyin,water+water+water,67.27233333333334,5174.303175,2058.5334000000003
