scenario,transport_scope,reduction_target,emission_cap_kg,method,runs,feasible_runs,feasible_rate,best_cost_cny,median_cost_cny,q1_cost_cny,q3_cost_cny,median_emissions_kg,best_emissions_kg,median_transit_hours,mean_restarts
road-cost,road-only,0.0,,fixed,30,30,1.0,618893.0887099998,618893.0887099998,618893.0887099998,618893.0887099998,217720.95685,217720.95685,18.652629866180042,0.0
road-cost,road-only,0.0,,adaptive,30,30,1.0,618893.0887099998,618893.0887099998,618893.0887099998,618893.0887099998,217720.95685,217720.95685,18.652629866180042,0.0
road-cost,road-only,0.0,,catastrophe,30,30,1.0,618893.0887099998,618893.0887099998,618893.0887099998,618893.0887099998,217720.95685,217720.95685,18.652629866180042,4.0
road-cost,road-only,0.0,,combined,30,30,1.0,618893.0887099998,618893.0887099998,618893.0887099998,618893.0887099998,217720.95685,217720.95685,18.652629866180042,4.0
road-cost,road-only,0.0,,hybrid-seeded,30,30,1.0,618893.0887099998,618893.0887099998,618893.0887099998,618893.0887099998,217720.95685,217720.95685,18.652629866180042,4.0
single-mode-cost,single-mode-per-order,0.0,,fixed,30,30,1.0,333460.345205,344170.127985,337478.04036875017,354433.2932000001,108630.66934999998,104005.23459999997,40.86637570965125,0.0
single-mode-cost,single-mode-per-order,0.0,,adaptive,30,30,1.0,333474.4068900001,340042.99472625006,336132.06017750007,348970.0827000001,107725.2708,103142.17109999998,41.58695377128954,0.0
single-mode-cost,single-mode-per-order,0.0,,catastrophe,30,30,1.0,333460.345205,344170.127985,338685.8823137501,352835.0478887501,108630.66934999998,104005.23459999997,40.90949371451744,1.0666666666666667
single-mode-cost,single-mode-per-order,0.0,,combined,30,30,1.0,333474.4068900001,340736.73731875,336608.0325275001,348970.0827000001,107725.2708,103142.17109999998,41.549716747769665,0.5
single-mode-cost,single-mode-per-order,0.0,,hybrid-seeded,30,30,1.0,332353.0316400001,338366.66284,335945.46446500014,338366.66284,107588.29529999998,103263.87259999997,41.35292051905921,3.5
multimodal-cost,multimodal-enabled,0.0,,fixed,30,30,1.0,328144.07230000006,344707.74144250015,339678.8993350001,349170.0999793751,107401.07999999999,100790.90250000001,41.26662814274128,0.0
multimodal-cost,multimodal-enabled,0.0,,adaptive,30,30,1.0,324593.3054400001,338251.83229000005,330022.27372000006,343200.1239725001,105162.03769999999,99733.62999999998,41.76784813463098,0.0
multimodal-cost,multimodal-enabled,0.0,,catastrophe,30,30,1.0,328144.07230000006,344882.9592200001,339943.571816875,349170.0999793751,107498.80559999999,100790.90250000001,41.26662814274128,1.1
multimodal-cost,multimodal-enabled,0.0,,combined,30,30,1.0,324593.3054400001,338251.83229000005,329799.8344600001,343200.1239725001,105162.03769999999,99733.62999999998,41.68846826845093,0.4666666666666667
multimodal-cost,multimodal-enabled,0.0,,hybrid-seeded,30,30,1.0,324492.3596200001,337472.10421,330143.34170875006,337472.10421,107357.35869999997,99153.89040000002,41.656166666666664,3.2
multimodal-reduction-20,multimodal-enabled,0.2,174176.76548,fixed,30,30,1.0,324997.4268100001,341373.45347750006,334572.15801750007,345855.15094937506,105637.86744999999,99651.0992,41.571039132197896,0.0
multimodal-reduction-20,multimodal-enabled,0.2,174176.76548,adaptive,30,30,1.0,324521.60440000007,339114.87602750014,330827.4644825001,342855.57301875006,104363.25989999998,99375.3605,41.545026763990265,0.0
multimodal-reduction-20,multimodal-enabled,0.2,174176.76548,catastrophe,30,30,1.0,324997.4268100001,341373.45347750006,333929.38703999994,345231.4680731251,105774.17184999998,99651.0992,41.60028223844282,1.0333333333333334
multimodal-reduction-20,multimodal-enabled,0.2,174176.76548,combined,30,30,1.0,324521.60440000007,339114.87602750014,330917.7660225001,342866.86043750006,104561.60059999998,99375.3605,41.53998317112733,0.5666666666666667
multimodal-reduction-20,multimodal-enabled,0.2,174176.76548,hybrid-seeded,30,30,1.0,324286.6390000001,337472.10421,328354.11520625005,337472.10421,107357.35869999997,99696.2814,41.656166666666664,3.4
multimodal-reduction-40,multimodal-enabled,0.4,130632.57410999999,fixed,30,30,1.0,330621.17543500004,346032.36576625006,338154.6621412501,350921.0421000001,108355.37022499998,101841.23419999999,41.14520002027575,0.0
multimodal-reduction-40,multimodal-enabled,0.4,130632.57410999999,adaptive,30,30,1.0,322104.18306,335522.68121000007,330633.20204375003,341712.86983375007,104433.44814999998,99140.42669999998,41.94075542376317,0.0
multimodal-reduction-40,multimodal-enabled,0.4,130632.57410999999,catastrophe,30,30,1.0,330621.17543500004,343361.4800925001,338154.6621412501,350471.8448812501,107239.42845,101841.23419999999,41.26472911597729,0.9333333333333333
multimodal-reduction-40,multimodal-enabled,0.4,130632.57410999999,combined,30,30,1.0,322104.18306,335522.68121000007,330633.20204375003,341712.86983375007,104433.44814999998,99140.42669999998,41.94075542376317,0.16666666666666666
multimodal-reduction-40,multimodal-enabled,0.4,130632.57410999999,hybrid-seeded,30,30,1.0,323192.6476200001,334049.81669750006,329415.5728800001,337472.10421,103761.49144999999,99027.59589999999,42.22549006488239,3.3333333333333335
multimodal-reduction-55,multimodal-enabled,0.55,97974.43058249999,fixed,30,0,0.0,,,,,,,,0.0
multimodal-reduction-55,multimodal-enabled,0.55,97974.43058249999,adaptive,30,0,0.0,,,,,,,,0.0
multimodal-reduction-55,multimodal-enabled,0.55,97974.43058249999,catastrophe,30,0,0.0,,,,,,,,0.9333333333333333
multimodal-reduction-55,multimodal-enabled,0.55,97974.43058249999,combined,30,0,0.0,,,,,,,,0.3
multimodal-reduction-55,multimodal-enabled,0.55,97974.43058249999,hybrid-seeded,30,0,0.0,,,,,,,,1.2333333333333334
multimodal-reduction-60,multimodal-enabled,0.6,87088.38274,fixed,30,0,0.0,,,,,,,,0.0
multimodal-reduction-60,multimodal-enabled,0.6,87088.38274,adaptive,30,0,0.0,,,,,,,,0.0
multimodal-reduction-60,multimodal-enabled,0.6,87088.38274,catastrophe,30,0,0.0,,,,,,,,1.0333333333333334
multimodal-reduction-60,multimodal-enabled,0.6,87088.38274,combined,30,0,0.0,,,,,,,,0.5
multimodal-reduction-60,multimodal-enabled,0.6,87088.38274,hybrid-seeded,30,0,0.0,,,,,,,,1.7333333333333334
single-mode-reduction-55,single-mode-per-order,0.55,97974.43058249999,fixed,30,0,0.0,,,,,,,,0.0
single-mode-reduction-55,single-mode-per-order,0.55,97974.43058249999,adaptive,30,0,0.0,,,,,,,,0.0
single-mode-reduction-55,single-mode-per-order,0.55,97974.43058249999,catastrophe,30,0,0.0,,,,,,,,1.2333333333333334
single-mode-reduction-55,single-mode-per-order,0.55,97974.43058249999,combined,30,0,0.0,,,,,,,,0.16666666666666666
single-mode-reduction-55,single-mode-per-order,0.55,97974.43058249999,hybrid-seeded,30,0,0.0,,,,,,,,2.066666666666667
