scenario_id,transport_scope,reduction_target,emission_cap_kg,baseline_emissions_kg,baseline_cost_cny,baseline_definition,baseline_transport_scope,baseline_optimality_status,baseline_candidate_objective_lower_bound_cny,method,runs,feasible_runs,feasible_rate,best_cost_cny,median_cost_cny,q1_cost_cny,q3_cost_cny,median_transit_hours,median_emissions_kg,mean_restarts
central-balanced-c97p49-r0p0-road-only,road-only,0.0,,20059.06185,89738.7736897565,per_order_minimum_cost_single_trunk_mode_same_scenario,single-mode-per-order,per-order-candidate-minimum-certified,89738.7736897565,fixed,30,30,1.0,101359.2461080965,101359.2461080965,101359.2461080965,101359.2461080965,14.155708047945206,23763.227849999992,0.0
central-balanced-c97p49-r0p0-road-only,road-only,0.0,,20059.06185,89738.7736897565,per_order_minimum_cost_single_trunk_mode_same_scenario,single-mode-per-order,per-order-candidate-minimum-certified,89738.7736897565,adaptive,30,30,1.0,101359.2461080965,101359.2461080965,101359.2461080965,101359.2461080965,14.155708047945206,23763.227849999992,0.0
central-balanced-c97p49-r0p0-road-only,road-only,0.0,,20059.06185,89738.7736897565,per_order_minimum_cost_single_trunk_mode_same_scenario,single-mode-per-order,per-order-candidate-minimum-certified,89738.7736897565,catastrophe,30,30,1.0,101359.2461080965,101359.2461080965,101359.2461080965,101359.2461080965,14.155708047945206,23763.227849999992,1.0
central-balanced-c97p49-r0p0-road-only,road-only,0.0,,20059.06185,89738.7736897565,per_order_minimum_cost_single_trunk_mode_same_scenario,single-mode-per-order,per-order-candidate-minimum-certified,89738.7736897565,combined,30,30,1.0,101359.2461080965,101359.2461080965,101359.2461080965,101359.2461080965,14.155708047945206,23763.227849999992,1.1333333333333333
central-balanced-c97p49-r0p0-road-only,road-only,0.0,,20059.06185,89738.7736897565,per_order_minimum_cost_single_trunk_mode_same_scenario,single-mode-per-order,per-order-candidate-minimum-certified,89738.7736897565,hybrid-seeded,30,30,1.0,101359.2461080965,101359.2461080965,101359.2461080965,101359.2461080965,14.155708047945206,23763.227849999992,4.0
central-balanced-c97p49-r9p5-road-only,road-only,0.095,18153.450974249998,20059.06185,89738.7736897565,per_order_minimum_cost_single_trunk_mode_same_scenario,single-mode-per-order,per-order-candidate-minimum-certified,89738.7736897565,fixed,30,0,0.0,,,,,,,0.0
central-balanced-c97p49-r9p5-road-only,road-only,0.095,18153.450974249998,20059.06185,89738.7736897565,per_order_minimum_cost_single_trunk_mode_same_scenario,single-mode-per-order,per-order-candidate-minimum-certified,89738.7736897565,adaptive,30,0,0.0,,,,,,,0.0
central-balanced-c97p49-r9p5-road-only,road-only,0.095,18153.450974249998,20059.06185,89738.7736897565,per_order_minimum_cost_single_trunk_mode_same_scenario,single-mode-per-order,per-order-candidate-minimum-certified,89738.7736897565,catastrophe,30,0,0.0,,,,,,,0.0
central-balanced-c97p49-r9p5-road-only,road-only,0.095,18153.450974249998,20059.06185,89738.7736897565,per_order_minimum_cost_single_trunk_mode_same_scenario,single-mode-per-order,per-order-candidate-minimum-certified,89738.7736897565,combined,30,0,0.0,,,,,,,0.0
central-balanced-c97p49-r9p5-road-only,road-only,0.095,18153.450974249998,20059.06185,89738.7736897565,per_order_minimum_cost_single_trunk_mode_same_scenario,single-mode-per-order,per-order-candidate-minimum-certified,89738.7736897565,hybrid-seeded,30,0,0.0,,,,,,,0.0
central-balanced-c97p49-r20p0-road-only,road-only,0.2,16047.249479999999,20059.06185,89738.7736897565,per_order_minimum_cost_single_trunk_mode_same_scenario,single-mode-per-order,per-order-candidate-minimum-certified,89738.7736897565,fixed,30,0,0.0,,,,,,,0.0
central-balanced-c97p49-r20p0-road-only,road-only,0.2,16047.249479999999,20059.06185,89738.7736897565,per_order_minimum_cost_single_trunk_mode_same_scenario,single-mode-per-order,per-order-candidate-minimum-certified,89738.7736897565,adaptive,30,0,0.0,,,,,,,0.0
central-balanced-c97p49-r20p0-road-only,road-only,0.2,16047.249479999999,20059.06185,89738.7736897565,per_order_minimum_cost_single_trunk_mode_same_scenario,single-mode-per-order,per-order-candidate-minimum-certified,89738.7736897565,catastrophe,30,0,0.0,,,,,,,0.0
central-balanced-c97p49-r20p0-road-only,road-only,0.2,16047.249479999999,20059.06185,89738.7736897565,per_order_minimum_cost_single_trunk_mode_same_scenario,single-mode-per-order,per-order-candidate-minimum-certified,89738.7736897565,combined,30,0,0.0,,,,,,,0.0
central-balanced-c97p49-r20p0-road-only,road-only,0.2,16047.249479999999,20059.06185,89738.7736897565,per_order_minimum_cost_single_trunk_mode_same_scenario,single-mode-per-order,per-order-candidate-minimum-certified,89738.7736897565,hybrid-seeded,30,0,0.0,,,,,,,0.0
central-balanced-c97p49-r30p0-road-only,road-only,0.3,14041.343294999999,20059.06185,89738.7736897565,per_order_minimum_cost_single_trunk_mode_same_scenario,single-mode-per-order,per-order-candidate-minimum-certified,89738.7736897565,fixed,30,0,0.0,,,,,,,0.0
central-balanced-c97p49-r30p0-road-only,road-only,0.3,14041.343294999999,20059.06185,89738.7736897565,per_order_minimum_cost_single_trunk_mode_same_scenario,single-mode-per-order,per-order-candidate-minimum-certified,89738.7736897565,adaptive,30,0,0.0,,,,,,,0.0
central-balanced-c97p49-r30p0-road-only,road-only,0.3,14041.343294999999,20059.06185,89738.7736897565,per_order_minimum_cost_single_trunk_mode_same_scenario,single-mode-per-order,per-order-candidate-minimum-certified,89738.7736897565,catastrophe,30,0,0.0,,,,,,,0.0
central-balanced-c97p49-r30p0-road-only,road-only,0.3,14041.343294999999,20059.06185,89738.7736897565,per_order_minimum_cost_single_trunk_mode_same_scenario,single-mode-per-order,per-order-candidate-minimum-certified,89738.7736897565,combined,30,0,0.0,,,,,,,0.0
central-balanced-c97p49-r30p0-road-only,road-only,0.3,14041.343294999999,20059.06185,89738.7736897565,per_order_minimum_cost_single_trunk_mode_same_scenario,single-mode-per-order,per-order-candidate-minimum-certified,89738.7736897565,hybrid-seeded,30,0,0.0,,,,,,,0.0
central-balanced-c97p49-r0p0-single-mode-per-order,single-mode-per-order,0.0,,20059.06185,89738.7736897565,per_order_minimum_cost_single_trunk_mode_same_scenario,single-mode-per-order,per-order-candidate-minimum-certified,89738.7736897565,fixed,30,30,1.0,89789.44028920251,90932.00780077798,90616.95136393886,91397.32625249274,21.608851706621007,20246.42552499999,0.0
central-balanced-c97p49-r0p0-single-mode-per-order,single-mode-per-order,0.0,,20059.06185,89738.7736897565,per_order_minimum_cost_single_trunk_mode_same_scenario,single-mode-per-order,per-order-candidate-minimum-certified,89738.7736897565,adaptive,30,30,1.0,89999.514612728,91107.23147194026,90666.08140817487,91473.07396314199,21.809540633561646,20173.892224999996,0.0
central-balanced-c97p49-r0p0-single-mode-per-order,single-mode-per-order,0.0,,20059.06185,89738.7736897565,per_order_minimum_cost_single_trunk_mode_same_scenario,single-mode-per-order,per-order-candidate-minimum-certified,89738.7736897565,catastrophe,30,30,1.0,89789.44028920251,90932.00780077798,90616.95136393886,91397.32625249274,21.608851706621007,20246.42552499999,0.0
central-balanced-c97p49-r0p0-single-mode-per-order,single-mode-per-order,0.0,,20059.06185,89738.7736897565,per_order_minimum_cost_single_trunk_mode_same_scenario,single-mode-per-order,per-order-candidate-minimum-certified,89738.7736897565,combined,30,30,1.0,89851.668639437,90756.07393874624,90351.82809728224,91068.10147819348,21.57341135844749,20179.337624999993,0.0
central-balanced-c97p49-r0p0-single-mode-per-order,single-mode-per-order,0.0,,20059.06185,89738.7736897565,per_order_minimum_cost_single_trunk_mode_same_scenario,single-mode-per-order,per-order-candidate-minimum-certified,89738.7736897565,hybrid-seeded,30,30,1.0,89738.7736897565,89738.7736897565,89738.7736897565,89738.7736897565,21.428312751141554,20059.061849999995,4.0
central-balanced-c97p49-r9p5-single-mode-per-order,single-mode-per-order,0.095,18153.450974249998,20059.06185,89738.7736897565,per_order_minimum_cost_single_trunk_mode_same_scenario,single-mode-per-order,per-order-candidate-minimum-certified,89738.7736897565,fixed,30,30,1.0,93558.66754594549,95358.83900454023,94524.02311934673,96407.25415711799,24.834786210045664,18046.931475,0.0
central-balanced-c97p49-r9p5-single-mode-per-order,single-mode-per-order,0.095,18153.450974249998,20059.06185,89738.7736897565,per_order_minimum_cost_single_trunk_mode_same_scenario,single-mode-per-order,per-order-candidate-minimum-certified,89738.7736897565,adaptive,30,30,1.0,93020.16831243047,95433.463785559,94226.83406821411,96419.80359612961,24.81350981164384,18057.549875,0.0
central-balanced-c97p49-r9p5-single-mode-per-order,single-mode-per-order,0.095,18153.450974249998,20059.06185,89738.7736897565,per_order_minimum_cost_single_trunk_mode_same_scenario,single-mode-per-order,per-order-candidate-minimum-certified,89738.7736897565,catastrophe,30,30,1.0,93558.66754594549,95358.83900454023,94524.02311934673,96407.25415711799,24.834786210045664,18046.931475,0.0
central-balanced-c97p49-r9p5-single-mode-per-order,single-mode-per-order,0.095,18153.450974249998,20059.06185,89738.7736897565,per_order_minimum_cost_single_trunk_mode_same_scenario,single-mode-per-order,per-order-candidate-minimum-certified,89738.7736897565,combined,30,30,1.0,92949.6088299715,95558.59956878274,94124.90597083587,96774.16903442012,24.988845131278538,18069.912575,0.0
central-balanced-c97p49-r9p5-single-mode-per-order,single-mode-per-order,0.095,18153.450974249998,20059.06185,89738.7736897565,per_order_minimum_cost_single_trunk_mode_same_scenario,single-mode-per-order,per-order-candidate-minimum-certified,89738.7736897565,hybrid-seeded,30,30,1.0,92949.6088299715,95558.59956878274,94124.90597083587,96774.16903442012,24.988845131278538,18069.912575,0.0
central-balanced-c97p49-r20p0-single-mode-per-order,single-mode-per-order,0.2,16047.249479999999,20059.06185,89738.7736897565,per_order_minimum_cost_single_trunk_mode_same_scenario,single-mode-per-order,per-order-candidate-minimum-certified,89738.7736897565,fixed,30,30,1.0,103376.9690586455,108697.4618514105,107154.61313998686,110463.23026895951,30.833716232876718,16024.425150000001,0.0
central-balanced-c97p49-r20p0-single-mode-per-order,single-mode-per-order,0.2,16047.249479999999,20059.06185,89738.7736897565,per_order_minimum_cost_single_trunk_mode_same_scenario,single-mode-per-order,per-order-candidate-minimum-certified,89738.7736897565,adaptive,30,30,1.0,103700.07213322098,107897.9900096555,106168.03527834585,109452.52265995974,30.41279296803653,16031.039574999999,0.0
central-balanced-c97p49-r20p0-single-mode-per-order,single-mode-per-order,0.2,16047.249479999999,20059.06185,89738.7736897565,per_order_minimum_cost_single_trunk_mode_same_scenario,single-mode-per-order,per-order-candidate-minimum-certified,89738.7736897565,catastrophe,30,30,1.0,103376.9690586455,108442.283238081,107053.25451396486,110489.31052066898,30.90329417237443,16026.231725000001,0.43333333333333335
central-balanced-c97p49-r20p0-single-mode-per-order,single-mode-per-order,0.2,16047.249479999999,20059.06185,89738.7736897565,per_order_minimum_cost_single_trunk_mode_same_scenario,single-mode-per-order,per-order-candidate-minimum-certified,89738.7736897565,combined,30,30,1.0,103399.26013720251,109125.92771408573,107101.540163709,111980.697688513,31.031376860730596,16018.727575,0.43333333333333335
central-balanced-c97p49-r20p0-single-mode-per-order,single-mode-per-order,0.2,16047.249479999999,20059.06185,89738.7736897565,per_order_minimum_cost_single_trunk_mode_same_scenario,single-mode-per-order,per-order-candidate-minimum-certified,89738.7736897565,hybrid-seeded,30,30,1.0,103399.26013720251,109125.92771408573,107101.540163709,111980.697688513,31.031376860730596,16018.727575,0.43333333333333335
central-balanced-c97p49-r30p0-single-mode-per-order,single-mode-per-order,0.3,14041.343294999999,20059.06185,89738.7736897565,per_order_minimum_cost_single_trunk_mode_same_scenario,single-mode-per-order,per-order-candidate-minimum-certified,89738.7736897565,fixed,30,0,0.0,,,,,,,0.0
central-balanced-c97p49-r30p0-single-mode-per-order,single-mode-per-order,0.3,14041.343294999999,20059.06185,89738.7736897565,per_order_minimum_cost_single_trunk_mode_same_scenario,single-mode-per-order,per-order-candidate-minimum-certified,89738.7736897565,adaptive,30,0,0.0,,,,,,,0.0
central-balanced-c97p49-r30p0-single-mode-per-order,single-mode-per-order,0.3,14041.343294999999,20059.06185,89738.7736897565,per_order_minimum_cost_single_trunk_mode_same_scenario,single-mode-per-order,per-order-candidate-minimum-certified,89738.7736897565,catastrophe,30,0,0.0,,,,,,,4.0
central-balanced-c97p49-r30p0-single-mode-per-order,single-mode-per-order,0.3,14041.343294999999,20059.06185,89738.7736897565,per_order_minimum_cost_single_trunk_mode_same_scenario,single-mode-per-order,per-order-candidate-minimum-certified,89738.7736897565,combined,30,0,0.0,,,,,,,4.0
central-balanced-c97p49-r30p0-single-mode-per-order,single-mode-per-order,0.3,14041.343294999999,20059.06185,89738.7736897565,per_order_minimum_cost_single_trunk_mode_same_scenario,single-mode-per-order,per-order-candidate-minimum-certified,89738.7736897565,hybrid-seeded,30,0,0.0,,,,,,,4.0
central-balanced-c97p49-r0p0-multimodal-enabled,multimodal-enabled,0.0,,20059.06185,89738.7736897565,per_order_minimum_cost_single_trunk_mode_same_scenario,single-mode-per-order,per-order-candidate-minimum-certified,89738.7736897565,fixed,30,30,1.0,89137.88016212448,90226.01440949048,89801.33210163325,90880.38653108451,23.581336215753424,19808.322099999998,0.0
central-balanced-c97p49-r0p0-multimodal-enabled,multimodal-enabled,0.0,,20059.06185,89738.7736897565,per_order_minimum_cost_single_trunk_mode_same_scenario,single-mode-per-order,per-order-candidate-minimum-certified,89738.7736897565,adaptive,30,30,1.0,88254.86127348649,89995.5895415525,89380.05069568662,90421.81672781112,23.16301124429224,19858.793025,0.0
central-balanced-c97p49-r0p0-multimodal-enabled,multimodal-enabled,0.0,,20059.06185,89738.7736897565,per_order_minimum_cost_single_trunk_mode_same_scenario,single-mode-per-order,per-order-candidate-minimum-certified,89738.7736897565,catastrophe,30,30,1.0,89137.88016212448,90226.01440949048,89801.33210163325,90880.38653108451,23.581336215753424,19808.322099999998,0.0
central-balanced-c97p49-r0p0-multimodal-enabled,multimodal-enabled,0.0,,20059.06185,89738.7736897565,per_order_minimum_cost_single_trunk_mode_same_scenario,single-mode-per-order,per-order-candidate-minimum-certified,89738.7736897565,combined,30,30,1.0,88427.12099860849,89878.71429901174,89566.58709079512,90439.35047987037,23.44461446917808,19757.035574999994,0.0
central-balanced-c97p49-r0p0-multimodal-enabled,multimodal-enabled,0.0,,20059.06185,89738.7736897565,per_order_minimum_cost_single_trunk_mode_same_scenario,single-mode-per-order,per-order-candidate-minimum-certified,89738.7736897565,hybrid-seeded,30,30,1.0,88091.2077922505,88091.2077922505,88091.2077922505,88091.2077922505,23.021691381278544,19624.66245,4.0
central-balanced-c97p49-r9p5-multimodal-enabled,multimodal-enabled,0.095,18153.450974249998,20059.06185,89738.7736897565,per_order_minimum_cost_single_trunk_mode_same_scenario,single-mode-per-order,per-order-candidate-minimum-certified,89738.7736897565,fixed,30,30,1.0,91285.5934197495,93552.71242347625,92820.839254455,94467.54883241814,25.988616347031968,18056.509100000003,0.0
central-balanced-c97p49-r9p5-multimodal-enabled,multimodal-enabled,0.095,18153.450974249998,20059.06185,89738.7736897565,per_order_minimum_cost_single_trunk_mode_same_scenario,single-mode-per-order,per-order-candidate-minimum-certified,89738.7736897565,adaptive,30,30,1.0,91375.9159796765,93251.704539381,92683.80844989797,93885.5929960775,25.891368493150683,18051.722225000005,0.0
central-balanced-c97p49-r9p5-multimodal-enabled,multimodal-enabled,0.095,18153.450974249998,20059.06185,89738.7736897565,per_order_minimum_cost_single_trunk_mode_same_scenario,single-mode-per-order,per-order-candidate-minimum-certified,89738.7736897565,catastrophe,30,30,1.0,91285.5934197495,93552.71242347625,92820.839254455,94467.54883241814,25.988616347031968,18056.509100000003,0.0
central-balanced-c97p49-r9p5-multimodal-enabled,multimodal-enabled,0.095,18153.450974249998,20059.06185,89738.7736897565,per_order_minimum_cost_single_trunk_mode_same_scenario,single-mode-per-order,per-order-candidate-minimum-certified,89738.7736897565,combined,30,30,1.0,91229.3479702935,93152.34216871925,92522.30923586573,93747.24628885223,25.803250490867583,18050.11625,0.0
central-balanced-c97p49-r9p5-multimodal-enabled,multimodal-enabled,0.095,18153.450974249998,20059.06185,89738.7736897565,per_order_minimum_cost_single_trunk_mode_same_scenario,single-mode-per-order,per-order-candidate-minimum-certified,89738.7736897565,hybrid-seeded,30,30,1.0,91229.3479702935,93152.34216871925,92522.30923586573,93747.24628885223,25.803250490867583,18050.11625,0.0
central-balanced-c97p49-r20p0-multimodal-enabled,multimodal-enabled,0.2,16047.249479999999,20059.06185,89738.7736897565,per_order_minimum_cost_single_trunk_mode_same_scenario,single-mode-per-order,per-order-candidate-minimum-certified,89738.7736897565,fixed,30,30,1.0,98520.22051602749,102300.23494195199,101142.58042523035,103576.81656965725,30.495588321917808,16005.6194,0.0
central-balanced-c97p49-r20p0-multimodal-enabled,multimodal-enabled,0.2,16047.249479999999,20059.06185,89738.7736897565,per_order_minimum_cost_single_trunk_mode_same_scenario,single-mode-per-order,per-order-candidate-minimum-certified,89738.7736897565,adaptive,30,30,1.0,99120.587655292,102955.31457344399,101726.67922510274,103708.07837143699,30.936064155251145,16012.300150000003,0.0
central-balanced-c97p49-r20p0-multimodal-enabled,multimodal-enabled,0.2,16047.249479999999,20059.06185,89738.7736897565,per_order_minimum_cost_single_trunk_mode_same_scenario,single-mode-per-order,per-order-candidate-minimum-certified,89738.7736897565,catastrophe,30,30,1.0,98520.22051602749,102503.72266873573,101142.58042523035,103662.06015767899,30.534304874429225,16005.6194,0.1
central-balanced-c97p49-r20p0-multimodal-enabled,multimodal-enabled,0.2,16047.249479999999,20059.06185,89738.7736897565,per_order_minimum_cost_single_trunk_mode_same_scenario,single-mode-per-order,per-order-candidate-minimum-certified,89738.7736897565,combined,30,30,1.0,99091.61583691499,103658.96085101925,101688.14279189875,105757.91604290312,31.112528504566214,16021.791525,0.36666666666666664
central-balanced-c97p49-r20p0-multimodal-enabled,multimodal-enabled,0.2,16047.249479999999,20059.06185,89738.7736897565,per_order_minimum_cost_single_trunk_mode_same_scenario,single-mode-per-order,per-order-candidate-minimum-certified,89738.7736897565,hybrid-seeded,30,30,1.0,99091.61583691499,103658.96085101925,101688.14279189875,105757.91604290312,31.112528504566214,16021.791525,0.36666666666666664
central-balanced-c97p49-r30p0-multimodal-enabled,multimodal-enabled,0.3,14041.343294999999,20059.06185,89738.7736897565,per_order_minimum_cost_single_trunk_mode_same_scenario,single-mode-per-order,per-order-candidate-minimum-certified,89738.7736897565,fixed,30,30,1.0,136680.57436786452,136823.11067919052,136680.57436786452,136823.11067919052,41.226670742009134,14030.209749999998,0.0
central-balanced-c97p49-r30p0-multimodal-enabled,multimodal-enabled,0.3,14041.343294999999,20059.06185,89738.7736897565,per_order_minimum_cost_single_trunk_mode_same_scenario,single-mode-per-order,per-order-candidate-minimum-certified,89738.7736897565,adaptive,30,30,1.0,136680.57436786452,136751.8425235275,136680.57436786452,136823.11067919052,41.12508928082192,14030.209749999998,0.0
central-balanced-c97p49-r30p0-multimodal-enabled,multimodal-enabled,0.3,14041.343294999999,20059.06185,89738.7736897565,per_order_minimum_cost_single_trunk_mode_same_scenario,single-mode-per-order,per-order-candidate-minimum-certified,89738.7736897565,catastrophe,30,30,1.0,136680.57436786452,136823.11067919052,136680.57436786452,136823.11067919052,41.30315389269406,14021.96845,3.3666666666666667
central-balanced-c97p49-r30p0-multimodal-enabled,multimodal-enabled,0.3,14041.343294999999,20059.06185,89738.7736897565,per_order_minimum_cost_single_trunk_mode_same_scenario,single-mode-per-order,per-order-candidate-minimum-certified,89738.7736897565,combined,30,30,1.0,136680.57436786452,136823.11067919052,136680.57436786452,136823.11067919052,41.150187591324205,14038.451049999998,3.5
central-balanced-c97p49-r30p0-multimodal-enabled,multimodal-enabled,0.3,14041.343294999999,20059.06185,89738.7736897565,per_order_minimum_cost_single_trunk_mode_same_scenario,single-mode-per-order,per-order-candidate-minimum-certified,89738.7736897565,hybrid-seeded,30,30,1.0,136680.57436786452,136823.11067919052,136680.57436786452,136823.11067919052,41.150187591324205,14038.451049999998,3.5
