scenario_id,demand,time_profile,carbon_price_cny_per_tco2e,reduction_target,orders,tonnes,baseline_cost_cny,baseline_emissions_kg,baseline_definition,baseline_transport_scope,emission_cap_kg,candidate_emissions_lower_bound_kg,maximum_candidate_reduction_percent,status,feasible,seed,total_cost_cny,noncarbon_cost_cny,emissions_kg,achieved_reduction_percent,total_cost_premium_percent,tonne_weighted_transit_hours,tonne_weighted_travel_hours,tonne_weighted_handling_hours,tonne_weighted_port_dwell_hours,tonne_weighted_lock_delay_hours,tonne_weighted_reliability_buffer_hours,tonne_weighted_scheduled_wait_hours,tonne_weighted_transfer_hours,used_water_departures,water_departures_at_capacity,max_water_departure_utilization,constraint_violation,candidate_evaluations
low-tight-c0p0-r0p0,low,tight,0.0,0.0,24,335.0,46637.89875,11185.4,per_order_minimum_cost_single_trunk_mode_same_scenario,single-mode-per-order,,2482.4826,77.8060453805854,feasible-heuristic,True,70,44659.21575,44659.21575,10774.636099999996,3.6723219554061868,-4.24265040457038,23.01427407960199,8.19346393034826,4.985074626865671,1.6119402985074627,0.32454149253731346,4.985074626865671,1.7761194029850746,1.1380597014925373,6,2,1.0,0.0,2400
low-tight-c0p0-r9p5,low,tight,0.0,0.095,24,335.0,46637.89875,11185.4,per_order_minimum_cost_single_trunk_mode_same_scenario,single-mode-per-order,10122.787,2482.4826,77.8060453805854,feasible-heuristic,True,72,44824.55210000001,44824.55210000001,9986.700099999998,10.71664759418529,-3.8881396859672845,23.39640094527363,8.127829601990051,5.104477611940299,1.671641791044776,0.32454149253731346,5.104477611940299,1.9253731343283582,1.1380597014925373,6,2,1.0,0.0,2400
low-tight-c0p0-r20p0,low,tight,0.0,0.2,24,335.0,46637.89875,11185.4,per_order_minimum_cost_single_trunk_mode_same_scenario,single-mode-per-order,8948.32,2482.4826,77.8060453805854,feasible-heuristic,True,71,49035.016200000005,49035.016200000005,8941.056149999999,20.064940458097173,5.13984873728901,28.76232674129353,8.720138681592038,6.358208955223881,2.5970149253731343,0.3817402985074627,6.358208955223881,3.208955223880597,1.1380597014925373,9,2,1.0,0.0,2400
low-tight-c0p0-r30p0,low,tight,0.0,0.3,24,335.0,46637.89875,11185.4,per_order_minimum_cost_single_trunk_mode_same_scenario,single-mode-per-order,7829.779999999999,2482.4826,77.8060453805854,no-feasible-allocation-found,False,70,56454.43265,56454.43265,8396.345849999998,24.934773454682013,21.04840518785165,34.52460435323383,9.08524315920398,7.7611940298507465,3.4029850746268657,0.4207044776119403,7.7611940298507465,4.955223880597015,1.1380597014925373,11,2,1.0,0.07236037921882851,2400
low-tight-c97p49-r0p0,low,tight,97.49,0.0,24,335.0,47728.363396,11185.4,per_order_minimum_cost_single_trunk_mode_same_scenario,single-mode-per-order,,2482.4826,77.8060453805854,feasible-heuristic,True,70,45709.635023389004,44659.21575,10774.636099999996,3.6723219554061868,-4.2296199345066565,23.01427407960199,8.19346393034826,4.985074626865671,1.6119402985074627,0.32454149253731346,4.985074626865671,1.7761194029850746,1.1380597014925373,6,2,1.0,0.0,2400
low-tight-c97p49-r9p5,low,tight,97.49,0.095,24,335.0,47728.363396,11185.4,per_order_minimum_cost_single_trunk_mode_same_scenario,single-mode-per-order,10122.787,2482.4826,77.8060453805854,feasible-heuristic,True,71,45835.962044561005,44849.380900000004,10119.818899999998,9.526535483755621,-3.9649407957650484,24.184488009950247,8.468155472636816,5.223880597014926,1.7313432835820894,0.32454149253731346,5.223880597014926,2.074626865671642,1.1380597014925373,6,2,1.0,0.0,2400
low-tight-c97p49-r20p0,low,tight,97.49,0.2,24,335.0,47728.363396,11185.4,per_order_minimum_cost_single_trunk_mode_same_scenario,single-mode-per-order,8948.32,2482.4826,77.8060453805854,feasible-heuristic,True,70,49906.679764063505,49035.016200000005,8941.056149999999,20.064940458097173,4.563987141126358,28.76232674129353,8.720138681592038,6.358208955223881,2.5970149253731343,0.3817402985074627,6.358208955223881,3.208955223880597,1.1380597014925373,9,2,1.0,0.0,2400
low-tight-c97p49-r30p0,low,tight,97.49,0.3,24,335.0,47728.363396,11185.4,per_order_minimum_cost_single_trunk_mode_same_scenario,single-mode-per-order,7829.779999999999,2482.4826,77.8060453805854,no-feasible-allocation-found,False,70,57272.9924069165,56454.43265,8396.345849999998,24.934773454682013,19.99781331642394,34.52460435323383,9.08524315920398,7.7611940298507465,3.4029850746268657,0.4207044776119403,7.7611940298507465,4.955223880597015,1.1380597014925373,11,2,1.0,0.07236037921882851,2400
low-tight-c6000p0-r0p0,low,tight,6000.0,0.0,24,335.0,105973.47335,9674.5626,per_order_minimum_cost_single_trunk_mode_same_scenario,single-mode-per-order,,2482.4826,74.34010505033064,feasible-heuristic,True,70,101530.20694999999,45947.41475,9263.7987,4.245813655699535,-4.192810011355553,25.02332631840796,8.336844527363183,5.492537313432836,1.8507462686567164,0.32454149253731346,5.492537313432836,2.388059701492537,1.1380597014925373,6,2,1.0,0.0,2400
low-tight-c6000p0-r9p5,low,tight,6000.0,0.095,24,335.0,105973.47335,9674.5626,per_order_minimum_cost_single_trunk_mode_same_scenario,single-mode-per-order,8755.479153,2482.4826,74.34010505033064,feasible-heuristic,True,70,103310.3463,50837.0316,8745.55245,9.602606220150978,-2.5130128944669483,30.19199092039801,8.806519278606965,6.7164179104477615,2.7761194029850746,0.3817402985074627,6.7164179104477615,3.656716417910448,1.1380597014925373,9,2,1.0,0.0,2400
low-tight-c6000p0-r20p0,low,tight,6000.0,0.2,24,335.0,105973.47335,9674.5626,per_order_minimum_cost_single_trunk_mode_same_scenario,single-mode-per-order,7739.650079999999,2482.4826,74.34010505033064,no-feasible-allocation-found,False,70,106832.50774999999,56454.43265,8396.345849999998,13.212139947288176,0.8106126682880799,34.52460435323383,9.08524315920398,7.7611940298507465,3.4029850746268657,0.4207044776119403,7.7611940298507465,4.955223880597015,1.1380597014925373,11,2,1.0,0.08484825065889781,2400
low-tight-c6000p0-r30p0,low,tight,6000.0,0.3,24,335.0,105973.47335,9674.5626,per_order_minimum_cost_single_trunk_mode_same_scenario,single-mode-per-order,6772.1938199999995,2482.4826,74.34010505033064,no-feasible-allocation-found,False,70,106832.50774999999,56454.43265,8396.345849999998,13.212139947288176,0.8106126682880799,34.52460435323383,9.08524315920398,7.7611940298507465,3.4029850746268657,0.4207044776119403,7.7611940298507465,4.955223880597015,1.1380597014925373,11,2,1.0,0.2398265721815975,2400
low-balanced-c0p0-r0p0,low,balanced,0.0,0.0,24,335.0,46637.89875,11185.4,per_order_minimum_cost_single_trunk_mode_same_scenario,single-mode-per-order,,2482.4826,77.8060453805854,feasible-heuristic,True,70,44659.21575,44659.21575,10774.636099999996,3.6723219554061868,-4.24265040457038,23.01427407960199,8.19346393034826,4.985074626865671,1.6119402985074627,0.32454149253731346,4.985074626865671,1.7761194029850746,1.1380597014925373,6,2,1.0,0.0,2400
low-balanced-c0p0-r9p5,low,balanced,0.0,0.095,24,335.0,46637.89875,11185.4,per_order_minimum_cost_single_trunk_mode_same_scenario,single-mode-per-order,10122.787,2482.4826,77.8060453805854,feasible-heuristic,True,72,44824.55210000001,44824.55210000001,9986.700099999998,10.71664759418529,-3.8881396859672845,23.39640094527363,8.127829601990051,5.104477611940299,1.671641791044776,0.32454149253731346,5.104477611940299,1.9253731343283582,1.1380597014925373,6,2,1.0,0.0,2400
low-balanced-c0p0-r20p0,low,balanced,0.0,0.2,24,335.0,46637.89875,11185.4,per_order_minimum_cost_single_trunk_mode_same_scenario,single-mode-per-order,8948.32,2482.4826,77.8060453805854,feasible-heuristic,True,72,47244.97555,47244.97555,8927.8602,20.18291522878038,1.3016812855446203,27.393525970149255,8.734731343283583,6.0,2.208955223880597,0.34163044776119406,6.0,2.970149253731343,1.1380597014925373,7,2,1.0,0.0,2400
low-balanced-c0p0-r30p0,low,balanced,0.0,0.3,24,335.0,46637.89875,11185.4,per_order_minimum_cost_single_trunk_mode_same_scenario,single-mode-per-order,7829.779999999999,2482.4826,77.8060453805854,feasible-heuristic,True,70,52926.1722,52926.1722,7821.361949999998,30.07525926654391,13.483183459246217,34.487382562189055,9.691653606965172,7.552238805970149,3.4029850746268657,0.47856477611940296,7.552238805970149,4.6716417910447765,1.1380597014925373,11,2,1.0,0.0,2400
low-balanced-c97p49-r0p0,low,balanced,97.49,0.0,24,335.0,47728.363396,11185.4,per_order_minimum_cost_single_trunk_mode_same_scenario,single-mode-per-order,,2482.4826,77.8060453805854,feasible-heuristic,True,70,45709.635023389004,44659.21575,10774.636099999996,3.6723219554061868,-4.2296199345066565,23.01427407960199,8.19346393034826,4.985074626865671,1.6119402985074627,0.32454149253731346,4.985074626865671,1.7761194029850746,1.1380597014925373,6,2,1.0,0.0,2400
low-balanced-c97p49-r9p5,low,balanced,97.49,0.095,24,335.0,47728.363396,11185.4,per_order_minimum_cost_single_trunk_mode_same_scenario,single-mode-per-order,10122.787,2482.4826,77.8060453805854,feasible-heuristic,True,71,45835.962044561005,44849.380900000004,10119.818899999998,9.526535483755621,-3.9649407957650484,24.184488009950247,8.468155472636816,5.223880597014926,1.7313432835820894,0.32454149253731346,5.223880597014926,2.074626865671642,1.1380597014925373,6,2,1.0,0.0,2400
low-balanced-c97p49-r20p0,low,balanced,97.49,0.2,24,335.0,47728.363396,11185.4,per_order_minimum_cost_single_trunk_mode_same_scenario,single-mode-per-order,8948.32,2482.4826,77.8060453805854,feasible-heuristic,True,72,47662.03257101201,46798.15430000001,8861.1988,20.778883187011637,-0.1389756955159971,26.37220069651741,8.566315920398011,5.7611940298507465,2.029850746268657,0.32454149253731346,5.7611940298507465,2.791044776119403,1.1380597014925373,6,2,1.0,0.0,2400
low-balanced-c97p49-r30p0,low,balanced,97.49,0.3,24,335.0,47728.363396,11185.4,per_order_minimum_cost_single_trunk_mode_same_scenario,single-mode-per-order,7829.779999999999,2482.4826,77.8060453805854,feasible-heuristic,True,70,53688.6767765055,52926.1722,7821.361949999998,30.07525926654391,12.4879902775066,34.487382562189055,9.691653606965172,7.552238805970149,3.4029850746268657,0.47856477611940296,7.552238805970149,4.6716417910447765,1.1380597014925373,11,2,1.0,0.0,2400
low-balanced-c6000p0-r0p0,low,balanced,6000.0,0.0,24,335.0,101774.11984999999,8243.8663,per_order_minimum_cost_single_trunk_mode_same_scenario,single-mode-per-order,,2482.4826,69.88691337704009,feasible-heuristic,True,70,97330.85345,50332.239050000004,7833.102399999999,4.9826608662976595,-4.365811668574205,31.055849751243777,9.399482587064677,6.746268656716418,2.5671641791044775,0.3989044776119403,6.746268656716418,4.059701492537314,1.1380597014925373,7,2,1.0,0.0,2400
low-balanced-c6000p0-r9p5,low,balanced,6000.0,0.095,24,335.0,101774.11984999999,8243.8663,per_order_minimum_cost_single_trunk_mode_same_scenario,single-mode-per-order,7460.6990015,2482.4826,69.88691337704009,feasible-heuristic,True,70,97732.5391,53054.8876,7446.27525,9.674963433116329,-3.971128176747374,34.387484054726364,9.853071517412936,7.462686567164179,3.1940298507462686,0.44112895522388057,7.462686567164179,4.835820895522388,1.1380597014925373,9,2,1.0,0.0,2400
low-balanced-c6000p0-r20p0,low,balanced,6000.0,0.2,24,335.0,101774.11984999999,8243.8663,per_order_minimum_cost_single_trunk_mode_same_scenario,single-mode-per-order,6595.09304,2482.4826,69.88691337704009,no-feasible-allocation-found,False,70,102167.87495,61604.77865,6760.516049999999,17.993380727195934,0.386891186659577,41.29902330845771,10.367388681592042,9.044776119402986,4.298507462686567,0.49506746268656715,9.044776119402986,6.91044776119403,1.1380597014925373,12,2,1.0,0.025082740910050836,2400
low-balanced-c6000p0-r30p0,low,balanced,6000.0,0.3,24,335.0,101774.11984999999,8243.8663,per_order_minimum_cost_single_trunk_mode_same_scenario,single-mode-per-order,5770.70641,2482.4826,69.88691337704009,no-feasible-allocation-found,False,70,101836.91884999999,62467.809349999996,6561.518249999999,20.407269948082497,0.06170429190894833,42.233153258706466,10.791264303482587,9.104477611940299,4.417910447761194,0.5874113432835821,9.104477611940299,7.08955223880597,1.1380597014925373,13,2,1.0,0.17123963566231343,2400
low-relaxed-c0p0-r0p0,low,relaxed,0.0,0.0,24,335.0,46637.89875,11185.4,per_order_minimum_cost_single_trunk_mode_same_scenario,single-mode-per-order,,2439.0966000000003,78.19392601069251,feasible-heuristic,True,70,42898.527400000006,42898.527400000006,10386.8361,7.139341462978519,-8.017881273006521,25.904997661691546,8.903478855721396,5.432835820895522,2.0597014925373136,0.44181731343283587,5.432835820895522,1.7014925373134329,1.9328358208955223,8,2,1.0,0.0,2400
low-relaxed-c0p0-r9p5,low,relaxed,0.0,0.095,24,335.0,46637.89875,11185.4,per_order_minimum_cost_single_trunk_mode_same_scenario,single-mode-per-order,10122.787,2439.0966000000003,78.19392601069251,feasible-heuristic,True,70,42956.62580000001,42956.62580000001,9998.934699999998,10.607267509431953,-7.893307907659519,25.701139452736317,8.69962064676617,5.432835820895522,2.0597014925373136,0.44181731343283587,5.432835820895522,1.7014925373134329,1.9328358208955223,8,2,1.0,0.0,2400
low-relaxed-c0p0-r20p0,low,relaxed,0.0,0.2,24,335.0,46637.89875,11185.4,per_order_minimum_cost_single_trunk_mode_same_scenario,single-mode-per-order,8948.32,2439.0966000000003,78.19392601069251,feasible-heuristic,True,72,43454.27485,43454.27485,8822.964799999998,21.120703774563285,-6.826259298399451,28.126987064676616,9.42118407960199,5.791044776119403,2.3582089552238807,0.5341611940298507,5.791044776119403,2.298507462686567,1.9328358208955223,9,2,1.0,0.0,2400
low-relaxed-c0p0-r30p0,low,relaxed,0.0,0.3,24,335.0,46637.89875,11185.4,per_order_minimum_cost_single_trunk_mode_same_scenario,single-mode-per-order,7829.779999999999,2439.0966000000003,78.19392601069251,feasible-heuristic,True,72,46407.40945000001,46407.40945000001,7801.894599999998,30.24930176837665,-0.4942103014450083,31.9536711442786,9.8896592039801,6.7164179104477615,2.7761194029850746,0.5341611940298507,6.7164179104477615,3.388059701492537,1.9328358208955223,9,2,1.0,0.0,2400
low-relaxed-c97p49-r0p0,low,relaxed,97.49,0.0,24,335.0,47728.363396,11185.4,per_order_minimum_cost_single_trunk_mode_same_scenario,single-mode-per-order,,2439.0966000000003,78.19392601069251,feasible-heuristic,True,70,43911.140051389004,42898.527400000006,10386.8361,7.139341462978519,-7.997809002876699,25.904997661691546,8.903478855721396,5.432835820895522,2.0597014925373136,0.44181731343283587,5.432835820895522,1.7014925373134329,1.9328358208955223,8,2,1.0,0.0,2400
low-relaxed-c97p49-r9p5,low,relaxed,97.49,0.095,24,335.0,47728.363396,11185.4,per_order_minimum_cost_single_trunk_mode_same_scenario,single-mode-per-order,10122.787,2439.0966000000003,78.19392601069251,feasible-heuristic,True,72,43931.421943903006,42956.62580000001,9998.934699999998,10.607267509431953,-7.955314580124928,25.701139452736317,8.69962064676617,5.432835820895522,2.0597014925373136,0.44181731343283587,5.432835820895522,1.7014925373134329,1.9328358208955223,8,2,1.0,0.0,2400
low-relaxed-c97p49-r20p0,low,relaxed,97.49,0.2,24,335.0,47728.363396,11185.4,per_order_minimum_cost_single_trunk_mode_same_scenario,single-mode-per-order,8948.32,2439.0966000000003,78.19392601069251,feasible-heuristic,True,70,44439.01265768,43570.25665,8911.231999999998,20.33157508895526,-6.8918154830250655,28.546509452736313,9.467572139303481,5.940298507462686,2.3582089552238807,0.5341611940298507,5.940298507462686,2.373134328358209,1.9328358208955223,9,2,1.0,0.0,2400
low-relaxed-c97p49-r30p0,low,relaxed,97.49,0.3,24,335.0,47728.363396,11185.4,per_order_minimum_cost_single_trunk_mode_same_scenario,single-mode-per-order,7829.779999999999,2439.0966000000003,78.19392601069251,feasible-heuristic,True,71,47168.016154554,46407.40945000001,7801.894599999998,30.24930176837665,-1.1740340576877117,31.9536711442786,9.8896592039801,6.7164179104477615,2.7761194029850746,0.5341611940298507,6.7164179104477615,3.388059701492537,1.9328358208955223,9,2,1.0,0.0,2400
low-relaxed-c6000p0-r0p0,low,relaxed,6000.0,0.0,24,335.0,100581.30775,8044.8685000000005,per_order_minimum_cost_single_trunk_mode_same_scenario,single-mode-per-order,,2439.0966000000003,69.68133661849166,feasible-heuristic,True,70,93654.6151,49265.1223,7398.248799999999,8.037666495108043,-6.88665996192519,33.70529522388059,10.228261194029853,7.074626865671642,2.955223880597015,0.5591235820895523,7.074626865671642,4.1940298507462686,1.6194029850746268,9,2,1.0,0.0,2400
low-relaxed-c6000p0-r9p5,low,relaxed,6000.0,0.095,24,335.0,100581.30775,8044.8685000000005,per_order_minimum_cost_single_trunk_mode_same_scenario,single-mode-per-order,7280.605992500001,2439.0966000000003,69.68133661849166,feasible-heuristic,True,70,93695.0656,50689.393000000004,7167.6120999999985,10.904546171264352,-6.8464432448185235,35.03080268656716,10.434365671641793,7.343283582089552,3.1343283582089554,0.5591235820895523,7.343283582089552,4.597014925373134,1.6194029850746268,9,2,1.0,0.0,2400
low-relaxed-c6000p0-r20p0,low,relaxed,6000.0,0.2,24,335.0,100581.30775,8044.8685000000005,per_order_minimum_cost_single_trunk_mode_same_scenario,single-mode-per-order,6435.894800000001,2439.0966000000003,69.68133661849166,feasible-heuristic,True,72,96567.25825,58035.158950000005,6422.016549999999,20.17251058858204,-3.990850377464905,42.075286940298504,10.988815298507463,9.044776119402986,4.298507462686567,0.6163223880597015,9.044776119402986,6.462686567164179,1.6194029850746268,12,2,1.0,0.0,2400
low-relaxed-c6000p0-r30p0,low,relaxed,6000.0,0.3,24,335.0,100581.30775,8044.8685000000005,per_order_minimum_cost_single_trunk_mode_same_scenario,single-mode-per-order,5631.40795,2439.0966000000003,69.68133661849166,no-feasible-allocation-found,False,70,102328.8966,67542.48389999999,5797.73545,27.93250194207649,1.7374886935688894,49.19863296019902,11.401555348258707,10.686567164179104,5.343283582089552,0.6552865671641791,10.686567164179104,8.686567164179104,1.7388059701492538,14,2,1.0,0.02953568654176445,2400
central-tight-c0p0-r0p0,central,tight,0.0,0.0,48,730.0,92884.517725,21565.256749999997,per_order_minimum_cost_single_trunk_mode_same_scenario,single-mode-per-order,,5065.3539,76.51150663902946,feasible-heuristic,True,70,90591.223975,90591.223975,20998.018249999997,2.630335017921823,-2.468973092792137,20.665436586757988,7.518637271689499,4.561643835616438,1.1917808219178083,0.31463150684931507,4.561643835616438,1.8510034246575344,0.666095890410959,9,5,1.0,0.0,2400
central-tight-c0p0-r9p5,central,tight,0.0,0.095,48,730.0,92884.517725,21565.256749999997,per_order_minimum_cost_single_trunk_mode_same_scenario,single-mode-per-order,19516.557358749997,5065.3539,76.51150663902946,feasible-heuristic,True,70,93686.524075,93686.524075,19377.2661,10.145905867779648,0.8634445972734328,22.3490099543379,7.992752283105024,4.945205479452055,1.2876712328767124,0.30620630136986304,4.945205479452055,2.349708904109589,0.5222602739726028,8,5,1.0,0.0,2400
central-tight-c0p0-r20p0,central,tight,0.0,0.2,48,730.0,92884.517725,21565.256749999997,per_order_minimum_cost_single_trunk_mode_same_scenario,single-mode-per-order,17252.2054,5065.3539,76.51150663902946,feasible-heuristic,True,72,108641.73740000001,108641.73740000001,17159.686400000002,20.42901877344908,16.964312310531525,29.494837922374433,8.785704908675799,6.534246575342466,2.4383561643835616,0.3564172602739726,6.534246575342466,4.179770547945205,0.666095890410959,13,6,1.0,0.0,2400
central-tight-c0p0-r30p0,central,tight,0.0,0.3,48,730.0,92884.517725,21565.256749999997,per_order_minimum_cost_single_trunk_mode_same_scenario,single-mode-per-order,15095.679724999996,5065.3539,76.51150663902946,no-feasible-allocation-found,False,70,141773.244,141773.244,15225.919350000002,29.396067357278255,52.63388072891026,39.36189170091323,9.708076769406393,8.520547945205479,3.9178082191780823,0.45307863013698624,8.520547945205479,7.71957191780822,0.5222602739726028,21,7,1.0,0.01664348219761229,2400
central-tight-c97p49-r0p0,central,tight,97.49,0.0,48,730.0,94986.9146055575,21565.256749999997,per_order_minimum_cost_single_trunk_mode_same_scenario,single-mode-per-order,,5065.3539,76.51150663902946,feasible-heuristic,True,70,92638.3207741925,90591.223975,20998.018249999997,2.630335017921823,-2.472544603767546,20.665436586757988,7.518637271689499,4.561643835616438,1.1917808219178083,0.31463150684931507,4.561643835616438,1.8510034246575344,0.666095890410959,9,5,1.0,0.0,2400
central-tight-c97p49-r9p5,central,tight,97.49,0.095,48,730.0,94986.9146055575,21565.256749999997,per_order_minimum_cost_single_trunk_mode_same_scenario,single-mode-per-order,19516.557358749997,5065.3539,76.51150663902946,feasible-heuristic,True,71,96243.996852746,94357.09005,19354.875399999997,10.249733521025666,1.32342676084245,22.45858673515982,7.881007420091323,5.0,1.356164383561644,0.3151991780821918,5.0,2.3839554794520548,0.5222602739726028,9,5,1.0,0.0,2400
central-tight-c97p49-r20p0,central,tight,97.49,0.2,48,730.0,94986.9146055575,21565.256749999997,per_order_minimum_cost_single_trunk_mode_same_scenario,single-mode-per-order,17252.2054,5065.3539,76.51150663902946,feasible-heuristic,True,72,109547.1424632965,107869.3193,17210.207850000003,20.19474634819729,15.328667025560083,29.541036563926944,8.863698344748858,6.493150684931507,2.5205479452054793,0.3794169863013698,6.493150684931507,4.12497602739726,0.666095890410959,15,6,1.0,0.0,2400
central-tight-c97p49-r30p0,central,tight,97.49,0.3,48,730.0,94986.9146055575,21565.256749999997,per_order_minimum_cost_single_trunk_mode_same_scenario,single-mode-per-order,15095.679724999996,5065.3539,76.51150663902946,no-feasible-allocation-found,False,70,143257.6188774315,141773.244,15225.919350000002,29.396067357278255,50.81826741327775,39.36189170091323,9.708076769406393,8.520547945205479,3.9178082191780823,0.45307863013698624,8.520547945205479,7.71957191780822,0.5222602739726028,21,7,1.0,0.01664348219761229,2400
central-tight-c6000p0-r0p0,central,tight,6000.0,0.0,48,730.0,208656.766325,18204.627,per_order_minimum_cost_single_trunk_mode_same_scenario,single-mode-per-order,,5065.3539,72.17545901929219,feasible-heuristic,True,70,206702.390075,98582.321075,18020.011500000004,1.0141130603774318,-0.9366464766140892,23.623328196347035,8.061711757990867,5.232876712328767,1.4931506849315068,0.26408904109589043,5.232876712328767,2.973897260273972,0.3647260273972603,8,4,1.0,0.0,2400
central-tight-c6000p0-r9p5,central,tight,6000.0,0.095,48,730.0,208656.766325,18204.627,per_order_minimum_cost_single_trunk_mode_same_scenario,single-mode-per-order,16475.187435,5065.3539,72.17545901929219,feasible-heuristic,True,72,216840.57317500003,118299.64577500001,16423.487900000004,9.78399117982476,3.9221382532369287,31.430476095890416,8.717046232876713,7.041095890410959,2.7945205479452055,0.3542586301369863,7.041095890410959,5.117732876712329,0.3647260273972603,15,6,1.0,0.0,2400
central-tight-c6000p0-r20p0,central,tight,6000.0,0.2,48,730.0,208656.766325,18204.627,per_order_minimum_cost_single_trunk_mode_same_scenario,single-mode-per-order,14563.7016,5065.3539,72.17545901929219,no-feasible-allocation-found,False,70,240945.49122500003,150621.39312500003,15054.01635,17.306647645128905,15.474564026218873,40.11098679223744,9.309478025114156,8.931506849315069,3.9726027397260273,0.4025361643835616,8.931506849315069,8.342465753424657,0.2208904109589041,20,6,1.0,0.041682777451761716,2400
central-tight-c6000p0-r30p0,central,tight,6000.0,0.3,48,730.0,208656.766325,18204.627,per_order_minimum_cost_single_trunk_mode_same_scenario,single-mode-per-order,12743.2389,5065.3539,72.17545901929219,no-feasible-allocation-found,False,70,240945.49122500003,150621.39312500003,15054.01635,17.306647645128905,15.474564026218873,40.11098679223744,9.309478025114156,8.931506849315069,3.9726027397260273,0.4025361643835616,8.931506849315069,8.342465753424657,0.2208904109589041,20,6,1.0,0.1893494780854601,2400
central-balanced-c0p0-r0p0,central,balanced,0.0,0.0,48,730.0,87783.21575,20059.06185,per_order_minimum_cost_single_trunk_mode_same_scenario,single-mode-per-order,,4805.5302,76.04309595366246,feasible-heuristic,True,70,86177.99945,86177.99945,19624.66245,2.1656017776324794,-1.8286141448401017,23.021691381278544,8.706938641552512,4.917808219178082,1.6027397260273972,0.5092583561643835,4.917808219178082,1.9219327397260277,0.4452054794520548,12,6,1.0,0.0,2400
central-balanced-c0p0-r9p5,central,balanced,0.0,0.095,48,730.0,87783.21575,20059.06185,per_order_minimum_cost_single_trunk_mode_same_scenario,single-mode-per-order,18153.450974249998,4805.5302,76.04309595366246,feasible-heuristic,True,71,91136.35635,91136.35635,17980.52895,10.3620643654379,3.8197969524715214,25.5562721803653,9.297040810502283,5.47945205479452,1.8493150684931507,0.5098260273972602,5.47945205479452,2.639816301369863,0.3013698630136986,12,6,1.0,0.0,2400
central-balanced-c0p0-r20p0,central,balanced,0.0,0.2,48,730.0,87783.21575,20059.06185,per_order_minimum_cost_single_trunk_mode_same_scenario,single-mode-per-order,16047.249479999999,4805.5302,76.04309595366246,feasible-heuristic,True,70,102441.42472499999,102441.42472499999,16001.427950000001,20.228433066025953,16.698190935207325,31.87904450913242,9.941992865296807,6.835616438356165,2.8493150684931505,0.5613517808219178,6.835616438356165,4.07946698630137,0.7756849315068494,17,7,1.0,0.0,2400
central-balanced-c0p0-r30p0,central,balanced,0.0,0.3,48,730.0,87783.21575,20059.06185,per_order_minimum_cost_single_trunk_mode_same_scenario,single-mode-per-order,14041.343294999999,4805.5302,76.04309595366246,no-feasible-allocation-found,False,70,136055.39597500002,136055.39597500002,14370.05205,28.361295471054138,54.990216310229,40.90625037671233,10.666673801369866,8.73972602739726,4.232876712328767,0.6477054794520548,8.73972602739726,7.5781724657534255,0.3013698630136986,24,8,1.0,0.02341006469922659,2400
central-balanced-c97p49-r0p0,central,balanced,97.49,0.0,48,730.0,89738.7736897565,20059.06185,per_order_minimum_cost_single_trunk_mode_same_scenario,single-mode-per-order,,4805.5302,76.04309595366246,feasible-heuristic,True,70,88091.2077922505,86177.99945,19624.66245,2.1656017776324794,-1.835957668868915,23.021691381278544,8.706938641552512,4.917808219178082,1.6027397260273972,0.5092583561643835,4.917808219178082,1.9219327397260277,0.4452054794520548,12,6,1.0,0.0,2400
central-balanced-c97p49-r9p5,central,balanced,97.49,0.095,48,730.0,89738.7736897565,20059.06185,per_order_minimum_cost_single_trunk_mode_same_scenario,single-mode-per-order,18153.450974249998,4805.5302,76.04309595366246,feasible-heuristic,True,70,91107.43728941648,89357.18997499999,17953.09585,10.498825995693299,1.5251641440874764,25.476710011415527,9.149692066210047,5.493150684931507,1.904109589041096,0.5215235616438356,5.493150684931507,2.4698779452054795,0.4452054794520548,13,7,1.0,0.0,2400
central-balanced-c97p49-r20p0,central,balanced,97.49,0.2,48,730.0,89738.7736897565,20059.06185,per_order_minimum_cost_single_trunk_mode_same_scenario,single-mode-per-order,16047.249479999999,4805.5302,76.04309595366246,feasible-heuristic,True,72,100597.4675320015,99036.193225,16014.712350000002,20.16220663879152,12.100336783947485,29.760442591324203,9.748513413242014,6.397260273972603,2.5616438356164384,0.5420512328767123,6.397260273972603,3.668508082191781,0.4452054794520548,15,7,1.0,0.0,2400
central-balanced-c97p49-r30p0,central,balanced,97.49,0.3,48,730.0,89738.7736897565,20059.06185,per_order_minimum_cost_single_trunk_mode_same_scenario,single-mode-per-order,14041.343294999999,4805.5302,76.04309595366246,feasible-heuristic,True,72,136680.57436786452,135311.96577500002,14038.451049999998,30.014418645406394,52.309385060681215,40.94702466894977,10.715620148401829,8.767123287671232,4.232876712328767,0.6395334246575343,8.767123287671232,7.52337794520548,0.3013698630136986,23,8,1.0,0.0,2400
central-balanced-c6000p0-r0p0,central,balanced,6000.0,0.0,48,730.0,195709.7646,15907.3137,per_order_minimum_cost_single_trunk_mode_same_scenario,single-mode-per-order,,4805.5302,69.79043545234165,feasible-heuristic,True,70,195240.5004,100107.27659999998,15855.5373,0.32548801750229295,-0.2397755681527225,27.105614566210047,8.988816210045664,5.958904109589041,2.0547945205479454,0.352793698630137,5.958904109589041,3.6475663013698627,0.14383561643835616,10,4,1.0,0.0,2400
central-balanced-c6000p0-r9p5,central,balanced,6000.0,0.095,48,730.0,195709.7646,15907.3137,per_order_minimum_cost_single_trunk_mode_same_scenario,single-mode-per-order,14396.1188985,4805.5302,69.79043545234165,feasible-heuristic,True,71,206244.9534,120173.2725,14345.280150000002,9.819593549601013,5.383067534485186,35.400691700913235,9.59511444063927,7.8493150684931505,3.356164383561644,0.4302712328767124,7.8493150684931505,5.8461964383561655,0.4743150684931507,16,6,1.0,0.0,2400
central-balanced-c6000p0-r20p0,central,balanced,6000.0,0.2,48,730.0,195709.7646,15907.3137,per_order_minimum_cost_single_trunk_mode_same_scenario,single-mode-per-order,12725.850960000002,4805.5302,69.79043545234165,no-feasible-allocation-found,False,70,230650.10415000003,152589.71505000003,13010.064849999999,18.213313100124516,17.853140655200626,43.636620764840195,10.108697203196348,9.712328767123287,4.5479452054794525,0.4912408219178081,9.712328767123287,9.06408,0.0,22,6,1.0,0.022333586248443477,2400
central-balanced-c6000p0-r30p0,central,balanced,6000.0,0.3,48,730.0,195709.7646,15907.3137,per_order_minimum_cost_single_trunk_mode_same_scenario,single-mode-per-order,11135.11959,4805.5302,69.79043545234165,no-feasible-allocation-found,False,70,230650.10415000003,152589.71505000003,13010.064849999999,18.213313100124516,17.853140655200626,43.636620764840195,10.108697203196348,9.712328767123287,4.5479452054794525,0.4912408219178081,9.712328767123287,9.06408,0.0,22,6,1.0,0.16838124142679267,2400
central-relaxed-c0p0-r0p0,central,relaxed,0.0,0.0,48,730.0,87783.21575,20059.06185,per_order_minimum_cost_single_trunk_mode_same_scenario,single-mode-per-order,,4805.5302,76.04309595366246,feasible-heuristic,True,70,84906.40884999999,84906.40884999999,19270.16285,3.932880839090676,-3.2771719233810503,24.29856471461187,9.027593892694066,5.136986301369863,1.7671232876712328,0.5613668493150685,5.136986301369863,1.9219327397260277,0.7465753424657534,13,7,1.0,0.0,2400
central-relaxed-c0p0-r9p5,central,relaxed,0.0,0.095,48,730.0,87783.21575,20059.06185,per_order_minimum_cost_single_trunk_mode_same_scenario,single-mode-per-order,18153.450974249998,4805.5302,76.04309595366246,feasible-heuristic,True,72,88006.53545,88006.53545,18059.7928,9.966912036815916,0.2543990876752389,26.21495484018265,9.50562785388128,5.534246575342466,1.9452054794520548,0.5613668493150685,5.534246575342466,2.387686164383562,0.7465753424657534,13,7,1.0,0.0,2400
central-relaxed-c0p0-r20p0,central,relaxed,0.0,0.2,48,730.0,87783.21575,20059.06185,per_order_minimum_cost_single_trunk_mode_same_scenario,single-mode-per-order,16047.249479999999,4805.5302,76.04309595366246,feasible-heuristic,True,71,93683.73499999999,93683.73499999999,15917.421800000002,20.647227078568466,6.721694118388433,30.782033926940642,10.478574200913245,6.260273972602739,2.5205479452054793,0.664626301369863,6.260273972602739,3.3922580821917805,1.2054794520547945,16,8,1.0,0.0,2400
central-relaxed-c0p0-r30p0,central,relaxed,0.0,0.3,48,730.0,87783.21575,20059.06185,per_order_minimum_cost_single_trunk_mode_same_scenario,single-mode-per-order,14041.343294999999,4805.5302,76.04309595366246,feasible-heuristic,True,72,108934.87040000001,108934.87040000001,14031.591850000004,30.048613664352374,24.095329009406917,40.37665642694065,11.523225742009133,8.150684931506849,4.068493150684931,0.8048164383561643,8.150684931506849,5.361970410958905,2.316780821917808,26,11,1.0,0.0,2400
central-relaxed-c97p49-r0p0,central,relaxed,97.49,0.0,48,730.0,89738.7736897565,20059.06185,per_order_minimum_cost_single_trunk_mode_same_scenario,single-mode-per-order,,4805.5302,76.04309595366246,feasible-heuristic,True,70,86785.05702624649,84906.40884999999,19270.16285,3.932880839090676,-3.291460917129929,24.29856471461187,9.027593892694066,5.136986301369863,1.7671232876712328,0.5613668493150685,5.136986301369863,1.9219327397260277,0.7465753424657534,13,7,1.0,0.0,2400
central-relaxed-c97p49-r9p5,central,relaxed,97.49,0.095,48,730.0,89738.7736897565,20059.06185,per_order_minimum_cost_single_trunk_mode_same_scenario,single-mode-per-order,18153.450974249998,4805.5302,76.04309595366246,feasible-heuristic,True,71,90304.46488186749,88552.53295,17970.37575,10.412680890158375,0.6303754429124231,25.86857044520549,9.422387842465755,5.506849315068493,1.8630136986301369,0.5529416438356164,5.506849315068493,2.4137889041095892,0.6027397260273972,12,7,1.0,0.0,2400
central-relaxed-c97p49-r20p0,central,relaxed,97.49,0.2,48,730.0,89738.7736897565,20059.06185,per_order_minimum_cost_single_trunk_mode_same_scenario,single-mode-per-order,16047.249479999999,4805.5302,76.04309595366246,feasible-heuristic,True,71,95825.335677347,94267.1832,15982.690300000004,20.321845460584164,6.782533053808892,31.380805776255716,10.439548515981738,6.301369863013699,2.6027397260273974,0.6814101369863014,6.301369863013699,3.3454635616438355,1.7089041095890412,17,8,1.0,0.0,2400
central-relaxed-c97p49-r30p0,central,relaxed,97.49,0.3,48,730.0,89738.7736897565,20059.06185,per_order_minimum_cost_single_trunk_mode_same_scenario,single-mode-per-order,14041.343294999999,4805.5302,76.04309595366246,feasible-heuristic,True,70,107287.27829474701,105919.88840000001,14025.950300000002,30.076738359526008,19.555097404895385,37.755811164383566,11.309563356164382,7.561643835616438,3.5616438356164384,0.7528150684931506,7.561643835616438,4.993090273972602,2.0154109589041096,22,9,1.0,0.0,2400
central-relaxed-c6000p0-r0p0,central,relaxed,6000.0,0.0,48,730.0,194710.439025,15687.5157,per_order_minimum_cost_single_trunk_mode_same_scenario,single-mode-per-order,,4805.5302,69.36716882457048,feasible-heuristic,True,70,190765.50162499998,100749.10122499999,15002.7334,4.365141766838205,-2.026053364038438,31.376981621004578,9.925163812785389,6.52054794520548,2.6575342465753424,0.5274706849315068,6.52054794520548,4.033936164383562,1.1917808219178083,15,7,1.0,0.0,2400
central-relaxed-c6000p0-r9p5,central,relaxed,6000.0,0.095,48,730.0,194710.439025,15687.5157,per_order_minimum_cost_single_trunk_mode_same_scenario,single-mode-per-order,14197.2017085,4805.5302,69.36716882457048,feasible-heuristic,True,70,195217.46192500007,110466.55172500003,14125.151700000004,9.959282463060712,0.260398416509644,36.68208415525114,10.420059360730594,7.63013698630137,3.547945205479452,0.590516712328767,7.63013698630137,5.149247808219178,1.7140410958904109,21,8,1.0,0.0,2400
central-relaxed-c6000p0-r20p0,central,relaxed,6000.0,0.2,48,730.0,194710.439025,15687.5157,per_order_minimum_cost_single_trunk_mode_same_scenario,single-mode-per-order,12550.012560000001,4805.5302,69.36716882457048,feasible-heuristic,True,70,220791.805675,145611.141475,12530.110699999997,20.126864319249748,13.394950358388979,46.04509883561646,10.92732705479452,9.712328767123287,4.8493150684931505,0.6576095890410958,9.712328767123287,8.684477260273972,1.5017123287671232,27,8,1.0,0.0,2400
central-relaxed-c6000p0-r30p0,central,relaxed,6000.0,0.3,48,730.0,194710.439025,15687.5157,per_order_minimum_cost_single_trunk_mode_same_scenario,single-mode-per-order,10981.260989999999,4805.5302,69.36716882457048,no-feasible-allocation-found,False,70,228638.48782500002,154234.39552500003,12400.68205,20.951906680800967,17.42487406935784,47.59259316210047,10.983589326484015,10.0,5.027397260273973,0.6703553424657535,10.0,9.40953890410959,1.5017123287671232,27,9,1.0,0.12925847598855775,2400
high-tight-c0p0-r0p0,high,tight,0.0,0.0,72,1070.0,165230.136175,38659.59445,per_order_minimum_cost_single_trunk_mode_same_scenario,single-mode-per-order,,8222.0062,78.7323009540779,feasible-heuristic,True,70,164183.80005,164183.80005,38343.59775,0.8173823458202265,-0.6332598575672588,19.519474205607473,7.445486565420563,4.308411214953271,0.6728971962616822,0.14575457943925235,4.308411214953271,2.042719042056075,0.5957943925233645,10,0,0.75,0.0,2400
high-tight-c0p0-r9p5,high,tight,0.0,0.095,72,1070.0,165230.136175,38659.59445,per_order_minimum_cost_single_trunk_mode_same_scenario,single-mode-per-order,34986.93297725,8222.0062,78.7323009540779,feasible-heuristic,True,70,171572.46547499998,171572.46547499998,34503.70009999999,10.74996882177591,3.838482159987233,22.832145490654206,7.922721962616823,5.102803738317757,1.0654205607476634,0.14474186915887852,5.102803738317757,2.897859228971963,0.5957943925233645,12,0,0.75,0.0,2400
high-tight-c0p0-r20p0,high,tight,0.0,0.2,72,1070.0,165230.136175,38659.59445,per_order_minimum_cost_single_trunk_mode_same_scenario,single-mode-per-order,30927.67556,8222.0062,78.7323009540779,no-feasible-allocation-found,False,70,207828.0566,207828.0566,31121.582399999992,19.49842505396485,25.780963092521645,31.73149442367601,8.832642133956389,7.121495327102804,2.5233644859813085,0.25619457943925233,7.121495327102804,5.778171728971963,0.09813084112149532,22,5,1.0,0.006269686825439279,2400
high-tight-c0p0-r30p0,high,tight,0.0,0.3,72,1070.0,165230.136175,38659.59445,per_order_minimum_cost_single_trunk_mode_same_scenario,single-mode-per-order,27061.716114999996,8222.0062,78.7323009540779,no-feasible-allocation-found,False,70,207828.0566,207828.0566,31121.582399999992,19.49842505396485,25.780963092521645,31.73149442367601,8.832642133956389,7.121495327102804,2.5233644859813085,0.25619457943925233,7.121495327102804,5.778171728971963,0.09813084112149532,22,5,1.0,0.15002249922907362,2400
high-tight-c97p49-r0p0,high,tight,97.49,0.0,72,1070.0,168999.0600379305,38659.59445,per_order_minimum_cost_single_trunk_mode_same_scenario,single-mode-per-order,,8222.0062,78.7323009540779,feasible-heuristic,True,70,167921.9173946475,164183.80005,38343.59775,0.8173823458202265,-0.6373660557882688,19.519474205607473,7.445486565420563,4.308411214953271,0.6728971962616822,0.14575457943925235,4.308411214953271,2.042719042056075,0.5957943925233645,10,0,0.75,0.0,2400
high-tight-c97p49-r9p5,high,tight,97.49,0.095,72,1070.0,168999.0600379305,38659.59445,per_order_minimum_cost_single_trunk_mode_same_scenario,single-mode-per-order,34986.93297725,8222.0062,78.7323009540779,feasible-heuristic,True,70,176151.4556912525,172744.88092499998,34942.812249999995,9.614126203023327,4.232210316268437,22.13591268691588,7.837610397196262,5.009345794392523,0.9252336448598131,0.14424971962616823,5.009345794392523,2.9157348130841125,0.29439252336448596,10,1,1.0,0.0,2400
high-tight-c97p49-r20p0,high,tight,97.49,0.2,72,1070.0,168999.0600379305,38659.59445,per_order_minimum_cost_single_trunk_mode_same_scenario,single-mode-per-order,30927.67556,8222.0062,78.7323009540779,no-feasible-allocation-found,False,70,210862.099668176,207828.0566,31121.582399999992,19.49842505396485,24.771167141905813,31.73149442367601,8.832642133956389,7.121495327102804,2.5233644859813085,0.25619457943925233,7.121495327102804,5.778171728971963,0.09813084112149532,22,5,1.0,0.006269686825439279,2400
high-tight-c97p49-r30p0,high,tight,97.49,0.3,72,1070.0,168999.0600379305,38659.59445,per_order_minimum_cost_single_trunk_mode_same_scenario,single-mode-per-order,27061.716114999996,8222.0062,78.7323009540779,no-feasible-allocation-found,False,70,210862.099668176,207828.0566,31121.582399999992,19.49842505396485,24.771167141905813,31.73149442367601,8.832642133956389,7.121495327102804,2.5233644859813085,0.25619457943925233,7.121495327102804,5.778171728971963,0.09813084112149532,22,5,1.0,0.15002249922907362,2400
high-tight-c6000p0-r0p0,high,tight,6000.0,0.0,72,1070.0,371650.91475,32646.5056,per_order_minimum_cost_single_trunk_mode_same_scenario,single-mode-per-order,,8705.469000000001,73.33414759097525,feasible-heuristic,True,70,368708.598425,174725.545025,32330.50889999999,0.9679342220320529,-0.7916881697921374,24.801520661993766,8.294157320872275,5.5046728971962615,1.2710280373831775,0.1585695327102804,5.5046728971962615,3.47262558411215,0.5957943925233645,11,0,0.75,0.0,2400
high-tight-c6000p0-r9p5,high,tight,6000.0,0.095,72,1070.0,371650.91475,32646.5056,per_order_minimum_cost_single_trunk_mode_same_scenario,single-mode-per-order,29545.087568000003,8705.469000000001,73.33414759097525,no-feasible-allocation-found,False,70,399157.07519999996,221830.75590000005,29554.386549999992,9.471516149036203,7.401074330330282,34.79161767133955,9.042298091900317,7.878504672897196,2.9065420560747666,0.25619457943925233,7.878504672897196,6.731442757009346,0.09813084112149532,22,5,1.0,0.0003147386846827618,2400
high-tight-c6000p0-r20p0,high,tight,6000.0,0.2,72,1070.0,371650.91475,32646.5056,per_order_minimum_cost_single_trunk_mode_same_scenario,single-mode-per-order,26117.20448,8705.469000000001,73.33414759097525,no-feasible-allocation-found,False,70,399157.07519999996,221830.75590000005,29554.386549999992,9.471516149036203,7.401074330330282,34.79161767133955,9.042298091900317,7.878504672897196,2.9065420560747666,0.25619457943925233,7.878504672897196,6.731442757009346,0.09813084112149532,22,5,1.0,0.13160604813704746,2400
high-tight-c6000p0-r30p0,high,tight,6000.0,0.3,72,1070.0,371650.91475,32646.5056,per_order_minimum_cost_single_trunk_mode_same_scenario,single-mode-per-order,22852.55392,8705.469000000001,73.33414759097525,no-feasible-allocation-found,False,70,399157.07519999996,221830.75590000005,29554.386549999992,9.471516149036203,7.401074330330282,34.79161767133955,9.042298091900317,7.878504672897196,2.9065420560747666,0.25619457943925233,7.878504672897196,6.731442757009346,0.09813084112149532,22,5,1.0,0.2932640550137686,2400
high-balanced-c0p0-r0p0,high,balanced,0.0,0.0,72,1070.0,165230.136175,38659.59445,per_order_minimum_cost_single_trunk_mode_same_scenario,single-mode-per-order,,8152.407,78.9123318131445,feasible-heuristic,True,70,162392.08144999997,162392.08144999997,37910.281350000005,1.9382332139285858,-1.7176374665661243,20.323647694704047,7.677438278816202,4.420560747663552,0.7850467289719626,0.184656261682243,4.420560747663552,2.0339830607476634,0.8014018691588785,11,1,1.0,0.0,2400
high-balanced-c0p0-r9p5,high,balanced,0.0,0.095,72,1070.0,165230.136175,38659.59445,per_order_minimum_cost_single_trunk_mode_same_scenario,single-mode-per-order,34986.93297725,8152.407,78.9123318131445,feasible-heuristic,True,70,171227.96814999997,171227.96814999997,34897.85529999999,9.73041544671457,3.6299867045122447,23.308596627725866,8.0907515576324,5.205607476635514,1.0467289719626167,0.19189588785046732,5.205607476635514,2.864734228971963,0.7032710280373832,11,1,1.0,0.0,2400
high-balanced-c0p0-r20p0,high,balanced,0.0,0.2,72,1070.0,165230.136175,38659.59445,per_order_minimum_cost_single_trunk_mode_same_scenario,single-mode-per-order,30927.67556,8152.407,78.9123318131445,feasible-heuristic,True,70,183209.16359999997,183209.16359999997,30925.130899999986,20.006582221143844,10.88120353901898,29.03617612928349,8.88586409657321,6.420560747663552,2.02803738317757,0.23548785046728973,6.420560747663552,4.244263434579439,0.8014018691588785,17,4,1.0,0.0,2400
high-balanced-c0p0-r30p0,high,balanced,0.0,0.3,72,1070.0,165230.136175,38659.59445,per_order_minimum_cost_single_trunk_mode_same_scenario,single-mode-per-order,27061.716114999996,8152.407,78.9123318131445,no-feasible-allocation-found,False,70,213994.77595,213994.77595,28516.564149999987,26.236773676243285,29.51316321821098,35.626252873831774,9.505900116822433,7.831775700934579,3.0186915887850465,0.3077908411214953,7.831775700934579,6.577748831775701,0.552570093457944,25,6,1.0,0.06167472790551931,2400
high-balanced-c97p49-r0p0,high,balanced,97.49,0.0,72,1070.0,168999.0600379305,38659.59445,per_order_minimum_cost_single_trunk_mode_same_scenario,single-mode-per-order,,8152.407,78.9123318131445,feasible-heuristic,True,70,166087.95477881146,162392.08144999997,37910.281350000005,1.9382332139285858,-1.7225570713030325,20.323647694704047,7.677438278816202,4.420560747663552,0.7850467289719626,0.184656261682243,4.420560747663552,2.0339830607476634,0.8014018691588785,11,1,1.0,0.0,2400
high-balanced-c97p49-r9p5,high,balanced,97.49,0.095,72,1070.0,168999.0600379305,38659.59445,per_order_minimum_cost_single_trunk_mode_same_scenario,single-mode-per-order,34986.93297725,8152.407,78.9123318131445,feasible-heuristic,True,71,174542.7094666325,171165.190425,34644.774249999995,10.385055138621617,3.280284178774595,23.63303440809969,8.19224980529595,5.196261682242991,1.1962616822429906,0.1966555140186916,5.196261682242991,2.952073014018692,0.7032710280373832,13,1,1.0,0.0,2400
high-balanced-c97p49-r20p0,high,balanced,97.49,0.2,72,1070.0,168999.0600379305,38659.59445,per_order_minimum_cost_single_trunk_mode_same_scenario,single-mode-per-order,30927.67556,8152.407,78.9123318131445,feasible-heuristic,True,72,186714.43498458,183705.30455,30866.04199999999,20.159426297344428,10.482528685469283,29.14496454049845,8.877551012461058,6.485981308411215,1.9065420560747663,0.23459869158878507,6.485981308411215,4.258282126168224,0.8960280373831776,17,2,1.0,0.0,2400
high-balanced-c97p49-r30p0,high,balanced,97.49,0.3,72,1070.0,168999.0600379305,38659.59445,per_order_minimum_cost_single_trunk_mode_same_scenario,single-mode-per-order,27061.716114999996,8152.407,78.9123318131445,no-feasible-allocation-found,False,70,216774.85578898352,213994.77595,28516.564149999987,26.236773676243285,28.269858862132203,35.626252873831774,9.505900116822433,7.831775700934579,3.0186915887850465,0.3077908411214953,7.831775700934579,6.577748831775701,0.552570093457944,25,6,1.0,0.06167472790551931,2400
high-balanced-c6000p0-r0p0,high,balanced,6000.0,0.0,72,1070.0,366495.40650000004,30149.158750000002,per_order_minimum_cost_single_trunk_mode_same_scenario,single-mode-per-order,,8152.407,72.95975298149904,feasible-heuristic,True,70,363553.09017499996,184554.117875,29833.16204999999,1.0481111682759991,-0.8028248847915864,28.15047957943925,8.792648948598133,6.214953271028038,1.7009345794392523,0.1585695327102804,6.214953271028038,4.472625584112149,0.5957943925233645,11,0,0.75,0.0,2400
high-balanced-c6000p0-r9p5,high,balanced,6000.0,0.095,72,1070.0,366495.40650000004,30149.158750000002,per_order_minimum_cost_single_trunk_mode_same_scenario,single-mode-per-order,27284.988668750004,8152.407,72.95975298149904,feasible-heuristic,True,72,373526.4592749999,210512.805175,27168.94234999999,9.884907319346055,1.918455907031924,35.9963476012461,9.566056269470407,8.074766355140186,3.0654205607476634,0.2367276635514019,8.074766355140186,6.480946845794392,0.4976635514018692,21,4,1.0,0.0,2400
high-balanced-c6000p0-r20p0,high,balanced,6000.0,0.2,72,1070.0,366495.40650000004,30149.158750000002,per_order_minimum_cost_single_trunk_mode_same_scenario,single-mode-per-order,24119.327000000005,8152.407,72.95975298149904,no-feasible-allocation-found,False,70,398898.36009999993,243383.1244,25919.205949999996,14.03008566532559,8.841298697150224,41.253726970404976,9.677558605919005,9.299065420560748,3.7383177570093458,0.2688891588785046,9.299065420560748,8.623867990654205,0.3469626168224299,24,5,1.0,0.08253828103528187,2400
high-balanced-c6000p0-r30p0,high,balanced,6000.0,0.3,72,1070.0,366495.40650000004,30149.158750000002,per_order_minimum_cost_single_trunk_mode_same_scenario,single-mode-per-order,21104.411125,8152.407,72.95975298149904,no-feasible-allocation-found,False,70,398898.36009999993,243383.1244,25919.205949999996,14.03008566532559,8.841298697150224,41.253726970404976,9.677558605919005,9.299065420560748,3.7383177570093458,0.2688891588785046,9.299065420560748,8.623867990654205,0.3469626168224299,24,5,1.0,0.23605598520434362,2400
high-relaxed-c0p0-r0p0,high,relaxed,0.0,0.0,72,1070.0,165192.132875,38224.81695,per_order_minimum_cost_single_trunk_mode_same_scenario,single-mode-per-order,,8152.407,78.67247602345941,feasible-heuristic,True,70,161718.28285,161718.28285,37298.25405,2.4239825692611907,-2.102914929749511,21.28575671339563,8.009331970404986,4.5514018691588785,0.897196261682243,0.2401052336448598,4.5514018691588785,2.1367867990654212,0.8995327102803738,13,1,1.0,0.0,2400
high-relaxed-c0p0-r9p5,high,relaxed,0.0,0.095,72,1070.0,165192.132875,38224.81695,per_order_minimum_cost_single_trunk_mode_same_scenario,single-mode-per-order,34593.45933975,8152.407,78.67247602345941,feasible-heuristic,True,70,170857.989175,170857.989175,34195.16384999999,10.541981418173961,3.4298584329601978,24.97020995327103,8.754640771028038,5.364485981308412,1.2710280373831775,0.29482560747663544,5.364485981308412,3.0212108644859814,0.8995327102803738,16,1,1.0,0.0,2400
high-relaxed-c0p0-r20p0,high,relaxed,0.0,0.2,72,1070.0,165192.132875,38224.81695,per_order_minimum_cost_single_trunk_mode_same_scenario,single-mode-per-order,30579.853560000003,8152.407,78.67247602345941,feasible-heuristic,True,72,179771.84239999996,179771.84239999996,30514.69349999999,20.170465329069444,8.82591033317086,29.891077858255457,9.64364096573209,6.327102803738318,1.9813084112149533,0.38283700934579423,6.327102803738318,4.222076518691589,1.0070093457943925,20,4,1.0,0.0,2400
high-relaxed-c0p0-r30p0,high,relaxed,0.0,0.3,72,1070.0,165192.132875,38224.81695,per_order_minimum_cost_single_trunk_mode_same_scenario,single-mode-per-order,26757.371864999997,8152.407,78.67247602345941,feasible-heuristic,True,71,212452.41359999997,212452.41359999997,26740.373199999995,30.044470232577545,28.60928054047318,39.60058635514017,10.830873442367603,8.186915887850468,3.5700934579439254,0.5280143925233646,8.186915887850468,6.9998760903426795,1.2978971962616823,35,8,1.0,0.0,2400
high-relaxed-c97p49-r0p0,high,relaxed,97.49,0.0,72,1070.0,168918.67027945552,38224.81695,per_order_minimum_cost_single_trunk_mode_same_scenario,single-mode-per-order,,8152.407,78.67247602345941,feasible-heuristic,True,70,165354.48963733448,161718.28285,37298.25405,2.4239825692611907,-2.109998045938044,21.28575671339563,8.009331970404986,4.5514018691588785,0.897196261682243,0.2401052336448598,4.5514018691588785,2.1367867990654212,0.8995327102803738,13,1,1.0,0.0,2400
high-relaxed-c97p49-r9p5,high,relaxed,97.49,0.095,72,1070.0,168918.67027945552,38224.81695,per_order_minimum_cost_single_trunk_mode_same_scenario,single-mode-per-order,34593.45933975,8152.407,78.67247602345941,feasible-heuristic,True,71,173065.7156308725,169697.7432,34546.85024999999,9.621934108437927,2.4550544617455206,24.91965009345795,8.839633761682245,5.252336448598131,1.233644859813084,0.3176828037383177,5.252336448598131,3.063735397196262,0.9602803738317757,15,2,1.0,0.0,2400
high-relaxed-c97p49-r20p0,high,relaxed,97.49,0.2,72,1070.0,168918.67027945552,38224.81695,per_order_minimum_cost_single_trunk_mode_same_scenario,single-mode-per-order,30579.853560000003,8152.407,78.67247602345941,feasible-heuristic,True,72,184007.10128013947,181040.69032499997,30427.84854999999,20.397660530850516,8.932364300359442,30.34318800623053,9.731479945482869,6.355140186915888,2.130841121495327,0.4088757009345794,6.355140186915888,4.354701518691589,1.0070093457943925,22,5,1.0,0.0,2400
high-relaxed-c97p49-r30p0,high,relaxed,97.49,0.3,72,1070.0,168918.67027945552,38224.81695,per_order_minimum_cost_single_trunk_mode_same_scenario,single-mode-per-order,26757.371864999997,8152.407,78.67247602345941,feasible-heuristic,True,71,212793.19678601148,210185.13832499998,26752.061349999993,30.013892846123902,25.973757923840424,39.4529033800623,10.790456191588785,8.242990654205608,3.5233644859813085,0.5183543925233646,8.242990654205608,6.836849805295951,1.2978971962616823,34,7,1.0,0.0,2400
high-relaxed-c6000p0-r0p0,high,relaxed,6000.0,0.0,72,1070.0,359366.26185,28377.17765,per_order_minimum_cost_single_trunk_mode_same_scenario,single-mode-per-order,,8152.407,71.27125501855538,feasible-heuristic,True,70,354015.7611249999,188272.85762499995,27623.817249999993,2.6548108810955293,-1.4888711860306492,31.814375218068534,9.909081970404984,6.682242990654205,2.149532710280374,0.334064859813084,6.682242990654205,5.167022780373832,0.8901869158878505,17,1,1.0,0.0,2400
high-relaxed-c6000p0-r9p5,high,relaxed,6000.0,0.095,72,1070.0,359366.26185,28377.17765,per_order_minimum_cost_single_trunk_mode_same_scenario,single-mode-per-order,25681.345773250003,8152.407,71.27125501855538,feasible-heuristic,True,70,361596.1771749999,208191.08927499998,25567.514649999986,9.901136168839592,0.6205132650795919,38.457730841121496,10.590631425233644,8.177570093457945,3.336448598130841,0.43021682242990644,8.177570093457945,6.760480724299065,0.9848130841121495,28,5,1.0,0.0,2400
high-relaxed-c6000p0-r20p0,high,relaxed,6000.0,0.2,72,1070.0,359366.26185,28377.17765,per_order_minimum_cost_single_trunk_mode_same_scenario,single-mode-per-order,22701.742120000003,8152.407,71.27125501855538,no-feasible-allocation-found,False,72,400740.22385,264531.22445,22701.499900000006,20.000853573258702,11.513034581212178,49.07179113707166,11.180297897196262,10.448598130841122,4.757009345794392,0.5063799999999999,10.448598130841122,10.638617912772586,1.0922897196261683,36,8,1.0,0.007914351851851877,2400
high-relaxed-c6000p0-r30p0,high,relaxed,6000.0,0.3,72,1070.0,359366.26185,28377.17765,per_order_minimum_cost_single_trunk_mode_same_scenario,single-mode-per-order,19864.024355,8152.407,71.27125501855538,no-feasible-allocation-found,False,70,402560.13225,266407.60365,22692.088100000004,20.034020367067747,12.019456188691757,49.26107222741434,11.17130179127726,10.457943925233645,4.747663551401869,0.5042880373831776,10.457943925233645,10.753706697819315,1.1682242990654206,36,7,1.0,0.15028548946516976,2400
