seed,variant,status,objective_cny,constraint_violation,candidate_evaluations,restarts,route,modes
0,fixed,feasible-heuristic,23695.176803492002,0.0,800,0,"[""Chongqing"", ""Tongling"", ""Nantong"", ""Shanghai""]","[""rail"", ""water"", ""water""]"
0,adaptive,feasible-heuristic,20347.687656616003,0.0,800,0,"[""Chongqing"", ""Jiujiang"", ""Chizhou"", ""Shanghai""]","[""water"", ""water"", ""rail""]"
0,catastrophe,feasible-heuristic,23695.176803492002,0.0,819,1,"[""Chongqing"", ""Tongling"", ""Nantong"", ""Shanghai""]","[""rail"", ""water"", ""water""]"
0,combined,feasible-heuristic,20347.687656616003,0.0,819,1,"[""Chongqing"", ""Jiujiang"", ""Chizhou"", ""Shanghai""]","[""water"", ""water"", ""rail""]"
0,hybrid-seeded,feasible-heuristic,12920.713968733973,0.0,819,1,"[""Chongqing"", ""Wuhu"", ""Maanshan"", ""Shanghai""]","[""water"", ""water"", ""water""]"
1,fixed,feasible-heuristic,27884.019329894003,0.0,800,0,"[""Chongqing"", ""Nantong"", ""Shanghai""]","[""rail"", ""rail""]"
1,adaptive,feasible-heuristic,27475.240991560007,0.0,800,0,"[""Chongqing"", ""Honghu"", ""Shanghai""]","[""rail"", ""water""]"
1,catastrophe,feasible-heuristic,27884.019329894003,0.0,819,1,"[""Chongqing"", ""Nantong"", ""Shanghai""]","[""rail"", ""rail""]"
1,combined,feasible-heuristic,26129.155064072,0.0,819,1,"[""Chongqing"", ""Nantong"", ""Shanghai""]","[""rail"", ""water""]"
1,hybrid-seeded,feasible-heuristic,12920.713968733973,0.0,819,1,"[""Chongqing"", ""Wuhu"", ""Maanshan"", ""Shanghai""]","[""water"", ""water"", ""water""]"
2,fixed,feasible-heuristic,21736.288811425966,0.0,800,0,"[""Chongqing"", ""Wuhu"", ""Nantong"", ""Shanghai""]","[""water"", ""rail"", ""rail""]"
2,adaptive,feasible-heuristic,21736.288811425966,0.0,800,0,"[""Chongqing"", ""Wuhu"", ""Nantong"", ""Shanghai""]","[""water"", ""rail"", ""rail""]"
2,catastrophe,feasible-heuristic,21736.288811425966,0.0,819,1,"[""Chongqing"", ""Wuhu"", ""Nantong"", ""Shanghai""]","[""water"", ""rail"", ""rail""]"
2,combined,feasible-heuristic,21736.288811425966,0.0,819,1,"[""Chongqing"", ""Wuhu"", ""Nantong"", ""Shanghai""]","[""water"", ""rail"", ""rail""]"
2,hybrid-seeded,feasible-heuristic,12920.713968733973,0.0,819,1,"[""Chongqing"", ""Wuhu"", ""Maanshan"", ""Shanghai""]","[""water"", ""water"", ""water""]"
3,fixed,feasible-heuristic,27550.949548112,0.0,800,0,"[""Chongqing"", ""Wuhu"", ""Nanjing"", ""Gaogang"", ""Shanghai""]","[""rail"", ""rail"", ""water"", ""water""]"
3,adaptive,feasible-heuristic,21799.536558144006,0.0,800,0,"[""Chongqing"", ""Wuhu"", ""Nantong"", ""Shanghai""]","[""rail"", ""water"", ""water""]"
3,catastrophe,feasible-heuristic,24488.179190118,0.0,819,1,"[""Chongqing"", ""Anqing"", ""Maanshan"", ""Shanghai""]","[""water"", ""rail"", ""rail""]"
3,combined,feasible-heuristic,21799.536558144006,0.0,819,1,"[""Chongqing"", ""Wuhu"", ""Nantong"", ""Shanghai""]","[""rail"", ""water"", ""water""]"
3,hybrid-seeded,feasible-heuristic,12920.713968733973,0.0,819,1,"[""Chongqing"", ""Wuhu"", ""Maanshan"", ""Shanghai""]","[""water"", ""water"", ""water""]"
4,fixed,feasible-heuristic,20263.568401076,0.0,800,0,"[""Chongqing"", ""Wuhu"", ""Zhangjiagang"", ""Shanghai""]","[""water"", ""rail"", ""rail""]"
4,adaptive,feasible-heuristic,20263.568401076,0.0,800,0,"[""Chongqing"", ""Wuhu"", ""Zhangjiagang"", ""Shanghai""]","[""water"", ""rail"", ""rail""]"
4,catastrophe,feasible-heuristic,20263.568401076,0.0,819,1,"[""Chongqing"", ""Wuhu"", ""Zhangjiagang"", ""Shanghai""]","[""water"", ""rail"", ""rail""]"
4,combined,feasible-heuristic,20263.568401076,0.0,819,1,"[""Chongqing"", ""Wuhu"", ""Zhangjiagang"", ""Shanghai""]","[""water"", ""rail"", ""rail""]"
4,hybrid-seeded,feasible-heuristic,12920.713968733973,0.0,819,1,"[""Chongqing"", ""Wuhu"", ""Maanshan"", ""Shanghai""]","[""water"", ""water"", ""water""]"
5,fixed,feasible-heuristic,26053.516837668,0.0,800,0,"[""Chongqing"", ""Nanjing"", ""Zhenjiang"", ""Shanghai""]","[""rail"", ""road"", ""water""]"
5,adaptive,feasible-heuristic,26053.516837668,0.0,800,0,"[""Chongqing"", ""Nanjing"", ""Zhenjiang"", ""Shanghai""]","[""rail"", ""road"", ""water""]"
5,catastrophe,feasible-heuristic,23081.644577408002,0.0,819,1,"[""Chongqing"", ""Nanjing"", ""Jiangyin"", ""Nantong"", ""Shanghai""]","[""rail"", ""water"", ""water"", ""water""]"
5,combined,feasible-heuristic,26053.516837668,0.0,819,1,"[""Chongqing"", ""Nanjing"", ""Zhenjiang"", ""Shanghai""]","[""rail"", ""road"", ""water""]"
5,hybrid-seeded,feasible-heuristic,12920.713968733973,0.0,819,1,"[""Chongqing"", ""Wuhu"", ""Maanshan"", ""Shanghai""]","[""water"", ""water"", ""water""]"
6,fixed,feasible-heuristic,25475.176881230007,0.0,800,0,"[""Chongqing"", ""Shashi"", ""Gaogang"", ""Shanghai""]","[""water"", ""rail"", ""water""]"
6,adaptive,feasible-heuristic,27494.395063390002,0.0,800,0,"[""Chongqing"", ""Chenglingji"", ""Tongling"", ""Nantong"", ""Shanghai""]","[""rail"", ""rail"", ""water"", ""water""]"
6,catastrophe,feasible-heuristic,25475.176881230007,0.0,819,1,"[""Chongqing"", ""Shashi"", ""Gaogang"", ""Shanghai""]","[""water"", ""rail"", ""water""]"
6,combined,feasible-heuristic,28554.72840005802,0.0,819,1,"[""Chongqing"", ""Chenglingji"", ""Tongling"", ""Shanghai""]","[""rail"", ""rail"", ""water""]"
6,hybrid-seeded,feasible-heuristic,12920.713968733973,0.0,819,1,"[""Chongqing"", ""Wuhu"", ""Maanshan"", ""Shanghai""]","[""water"", ""water"", ""water""]"
7,fixed,feasible-heuristic,24008.612077795995,0.0,800,0,"[""Chongqing"", ""Anqing"", ""Shanghai""]","[""water"", ""water""]"
7,adaptive,feasible-heuristic,21400.985953788004,0.0,800,0,"[""Chongqing"", ""Anqing"", ""Shanghai""]","[""water"", ""rail""]"
7,catastrophe,feasible-heuristic,24008.612077795995,0.0,819,1,"[""Chongqing"", ""Anqing"", ""Shanghai""]","[""water"", ""water""]"
7,combined,feasible-heuristic,21400.985953788004,0.0,819,1,"[""Chongqing"", ""Anqing"", ""Shanghai""]","[""water"", ""rail""]"
7,hybrid-seeded,feasible-heuristic,12920.713968733973,0.0,819,1,"[""Chongqing"", ""Wuhu"", ""Maanshan"", ""Shanghai""]","[""water"", ""water"", ""water""]"
8,fixed,feasible-heuristic,31182.496189625996,0.0,800,0,"[""Chongqing"", ""Tongling"", ""Nantong"", ""Shanghai""]","[""road"", ""water"", ""rail""]"
8,adaptive,feasible-heuristic,26954.294289462006,0.0,800,0,"[""Chongqing"", ""Maanshan"", ""Shanghai""]","[""rail"", ""water""]"
8,catastrophe,feasible-heuristic,25795.474864088006,0.0,819,1,"[""Chongqing"", ""Zhangjiagang"", ""Shanghai""]","[""rail"", ""water""]"
8,combined,feasible-heuristic,25795.474864088006,0.0,819,1,"[""Chongqing"", ""Zhangjiagang"", ""Shanghai""]","[""rail"", ""water""]"
8,hybrid-seeded,feasible-heuristic,12920.713968733973,0.0,819,1,"[""Chongqing"", ""Wuhu"", ""Maanshan"", ""Shanghai""]","[""water"", ""water"", ""water""]"
9,fixed,feasible-heuristic,27884.019329894003,0.0,800,0,"[""Chongqing"", ""Nantong"", ""Shanghai""]","[""rail"", ""rail""]"
9,adaptive,feasible-heuristic,27884.019329894003,0.0,800,0,"[""Chongqing"", ""Nantong"", ""Shanghai""]","[""rail"", ""rail""]"
9,catastrophe,feasible-heuristic,25795.474864088006,0.0,819,1,"[""Chongqing"", ""Zhangjiagang"", ""Shanghai""]","[""rail"", ""water""]"
9,combined,feasible-heuristic,25795.474864088006,0.0,819,1,"[""Chongqing"", ""Zhangjiagang"", ""Shanghai""]","[""rail"", ""water""]"
9,hybrid-seeded,feasible-heuristic,12920.713968733973,0.0,819,1,"[""Chongqing"", ""Wuhu"", ""Maanshan"", ""Shanghai""]","[""water"", ""water"", ""water""]"
10,fixed,feasible-heuristic,27364.225115542005,0.0,800,0,"[""Chongqing"", ""Nanjing"", ""Jiangyin"", ""Shanghai""]","[""rail"", ""rail"", ""water""]"
10,adaptive,feasible-heuristic,27364.225115542005,0.0,800,0,"[""Chongqing"", ""Nanjing"", ""Jiangyin"", ""Shanghai""]","[""rail"", ""rail"", ""water""]"
10,catastrophe,feasible-heuristic,26129.155064072,0.0,819,1,"[""Chongqing"", ""Nantong"", ""Shanghai""]","[""rail"", ""water""]"
10,combined,feasible-heuristic,23500.958469008005,0.0,819,1,"[""Chongqing"", ""Nanjing"", ""Zhangjiagang"", ""Shanghai""]","[""rail"", ""water"", ""water""]"
10,hybrid-seeded,feasible-heuristic,12920.713968733973,0.0,819,1,"[""Chongqing"", ""Wuhu"", ""Maanshan"", ""Shanghai""]","[""water"", ""water"", ""water""]"
11,fixed,feasible-heuristic,28920.72974803,0.0,800,0,"[""Chongqing"", ""Nantong"", ""Shanghai""]","[""rail"", ""road""]"
11,adaptive,feasible-heuristic,21400.985953788004,0.0,800,0,"[""Chongqing"", ""Anqing"", ""Shanghai""]","[""water"", ""rail""]"
11,catastrophe,feasible-heuristic,22738.572363408,0.0,819,1,"[""Chongqing"", ""Anqing"", ""Shanghai""]","[""rail"", ""water""]"
11,combined,feasible-heuristic,21400.985953788004,0.0,819,1,"[""Chongqing"", ""Anqing"", ""Shanghai""]","[""water"", ""rail""]"
11,hybrid-seeded,feasible-heuristic,12920.713968733973,0.0,819,1,"[""Chongqing"", ""Wuhu"", ""Maanshan"", ""Shanghai""]","[""water"", ""water"", ""water""]"
12,fixed,feasible-heuristic,28740.784070768,0.0,800,0,"[""Chongqing"", ""Zhangjiagang"", ""Shanghai""]","[""rail"", ""rail""]"
12,adaptive,feasible-heuristic,28740.784070768,0.0,800,0,"[""Chongqing"", ""Zhangjiagang"", ""Shanghai""]","[""rail"", ""rail""]"
12,catastrophe,feasible-heuristic,28740.784070768,0.0,819,1,"[""Chongqing"", ""Zhangjiagang"", ""Shanghai""]","[""rail"", ""rail""]"
12,combined,feasible-heuristic,25795.474864088006,0.0,819,1,"[""Chongqing"", ""Zhangjiagang"", ""Shanghai""]","[""rail"", ""water""]"
12,hybrid-seeded,feasible-heuristic,12920.713968733973,0.0,819,1,"[""Chongqing"", ""Wuhu"", ""Maanshan"", ""Shanghai""]","[""water"", ""water"", ""water""]"
13,fixed,feasible-heuristic,36422.656921854,0.0,800,0,"[""Chongqing"", ""Zhenjiang"", ""Nantong"", ""Shanghai""]","[""rail"", ""rail"", ""rail""]"
13,adaptive,feasible-heuristic,25795.474864088006,0.0,800,0,"[""Chongqing"", ""Zhangjiagang"", ""Shanghai""]","[""rail"", ""water""]"
13,catastrophe,feasible-heuristic,23317.130896420003,0.0,819,1,"[""Chongqing"", ""Wuhu"", ""Nanjing"", ""Zhangjiagang"", ""Shanghai""]","[""rail"", ""water"", ""water"", ""water""]"
13,combined,feasible-heuristic,22956.225709446,0.0,819,1,"[""Chongqing"", ""Yangluo"", ""Shanghai""]","[""water"", ""rail""]"
13,hybrid-seeded,feasible-heuristic,12920.713968733973,0.0,819,1,"[""Chongqing"", ""Wuhu"", ""Maanshan"", ""Shanghai""]","[""water"", ""water"", ""water""]"
14,fixed,feasible-heuristic,22580.27428058,0.0,800,0,"[""Chongqing"", ""Wuhu"", ""Maanshan"", ""Zhangjiagang"", ""Shanghai""]","[""rail"", ""water"", ""water"", ""water""]"
14,adaptive,feasible-heuristic,21938.22264242,0.0,800,0,"[""Chongqing"", ""Wuhu"", ""Jiangyin"", ""Shanghai""]","[""rail"", ""water"", ""water""]"
14,catastrophe,feasible-heuristic,22580.27428058,0.0,819,1,"[""Chongqing"", ""Wuhu"", ""Maanshan"", ""Zhangjiagang"", ""Shanghai""]","[""rail"", ""water"", ""water"", ""water""]"
14,combined,feasible-heuristic,21938.22264242,0.0,819,1,"[""Chongqing"", ""Wuhu"", ""Jiangyin"", ""Shanghai""]","[""rail"", ""water"", ""water""]"
14,hybrid-seeded,feasible-heuristic,12920.713968733973,0.0,819,1,"[""Chongqing"", ""Wuhu"", ""Maanshan"", ""Shanghai""]","[""water"", ""water"", ""water""]"
15,fixed,feasible-heuristic,19185.157577624002,0.0,800,0,"[""Chongqing"", ""Jiujiang"", ""Maanshan"", ""Shanghai""]","[""rail"", ""water"", ""water""]"
15,adaptive,feasible-heuristic,21985.784097860007,0.0,800,0,"[""Chongqing"", ""Wuhu"", ""Zhangjiagang"", ""Shanghai""]","[""rail"", ""water"", ""water""]"
15,catastrophe,feasible-heuristic,17866.12454888,0.0,819,1,"[""Chongqing"", ""Jiujiang"", ""Shanghai""]","[""rail"", ""water""]"
15,combined,feasible-heuristic,21985.784097860007,0.0,819,1,"[""Chongqing"", ""Wuhu"", ""Zhangjiagang"", ""Shanghai""]","[""rail"", ""water"", ""water""]"
15,hybrid-seeded,feasible-heuristic,12920.713968733973,0.0,819,1,"[""Chongqing"", ""Wuhu"", ""Maanshan"", ""Shanghai""]","[""water"", ""water"", ""water""]"
16,fixed,feasible-heuristic,25916.620331578,0.0,800,0,"[""Chongqing"", ""Chenglingji"", ""Jiangyin"", ""Shanghai""]","[""water"", ""rail"", ""rail""]"
16,adaptive,feasible-heuristic,17979.72009757,0.0,800,0,"[""Chongqing"", ""Wuhu"", ""Maanshan"", ""Shanghai""]","[""water"", ""rail"", ""rail""]"
16,catastrophe,feasible-heuristic,23641.390054878,0.0,819,1,"[""Chongqing"", ""Yangluo"", ""Shanghai""]","[""road"", ""water""]"
16,combined,feasible-heuristic,17979.72009757,0.0,819,1,"[""Chongqing"", ""Wuhu"", ""Maanshan"", ""Shanghai""]","[""water"", ""rail"", ""rail""]"
16,hybrid-seeded,feasible-heuristic,12920.713968733973,0.0,819,1,"[""Chongqing"", ""Wuhu"", ""Maanshan"", ""Shanghai""]","[""water"", ""water"", ""water""]"
17,fixed,feasible-heuristic,25780.906363600006,0.0,800,0,"[""Chongqing"", ""Chenglingji"", ""Zhangjiagang"", ""Nantong"", ""Shanghai""]","[""water"", ""rail"", ""water"", ""water""]"
17,adaptive,feasible-heuristic,25780.906363600006,0.0,800,0,"[""Chongqing"", ""Chenglingji"", ""Zhangjiagang"", ""Nantong"", ""Shanghai""]","[""water"", ""rail"", ""water"", ""water""]"
17,catastrophe,feasible-heuristic,17866.12454888,0.0,819,1,"[""Chongqing"", ""Jiujiang"", ""Shanghai""]","[""rail"", ""water""]"
17,combined,feasible-heuristic,17866.12454888,0.0,819,1,"[""Chongqing"", ""Jiujiang"", ""Shanghai""]","[""rail"", ""water""]"
17,hybrid-seeded,feasible-heuristic,12920.713968733973,0.0,819,1,"[""Chongqing"", ""Wuhu"", ""Maanshan"", ""Shanghai""]","[""water"", ""water"", ""water""]"
18,fixed,feasible-heuristic,26129.155064072,0.0,800,0,"[""Chongqing"", ""Nantong"", ""Shanghai""]","[""rail"", ""water""]"
18,adaptive,feasible-heuristic,26129.155064072,0.0,800,0,"[""Chongqing"", ""Nantong"", ""Shanghai""]","[""rail"", ""water""]"
18,catastrophe,feasible-heuristic,22738.572363408,0.0,819,1,"[""Chongqing"", ""Anqing"", ""Shanghai""]","[""rail"", ""water""]"
18,combined,feasible-heuristic,22738.572363408,0.0,819,1,"[""Chongqing"", ""Anqing"", ""Shanghai""]","[""rail"", ""water""]"
18,hybrid-seeded,feasible-heuristic,12920.713968733973,0.0,819,1,"[""Chongqing"", ""Wuhu"", ""Maanshan"", ""Shanghai""]","[""water"", ""water"", ""water""]"
19,fixed,feasible-heuristic,21400.985953788004,0.0,800,0,"[""Chongqing"", ""Anqing"", ""Shanghai""]","[""water"", ""rail""]"
19,adaptive,feasible-heuristic,21400.985953788004,0.0,800,0,"[""Chongqing"", ""Anqing"", ""Shanghai""]","[""water"", ""rail""]"
19,catastrophe,feasible-heuristic,21400.985953788004,0.0,819,1,"[""Chongqing"", ""Anqing"", ""Shanghai""]","[""water"", ""rail""]"
19,combined,feasible-heuristic,21400.985953788004,0.0,819,1,"[""Chongqing"", ""Anqing"", ""Shanghai""]","[""water"", ""rail""]"
19,hybrid-seeded,feasible-heuristic,12920.713968733973,0.0,819,1,"[""Chongqing"", ""Wuhu"", ""Maanshan"", ""Shanghai""]","[""water"", ""water"", ""water""]"
20,fixed,feasible-heuristic,25479.12360688,0.0,800,0,"[""Chongqing"", ""Chenglingji"", ""Zhangjiagang"", ""Shanghai""]","[""water"", ""rail"", ""water""]"
20,adaptive,feasible-heuristic,25479.12360688,0.0,800,0,"[""Chongqing"", ""Chenglingji"", ""Zhangjiagang"", ""Shanghai""]","[""water"", ""rail"", ""water""]"
20,catastrophe,feasible-heuristic,16699.545202552003,0.0,819,1,"[""Chongqing"", ""Yangluo"", ""Shanghai""]","[""rail"", ""water""]"
20,combined,feasible-heuristic,24396.820597126003,0.0,819,1,"[""Chongqing"", ""Yichang"", ""Zhenjiang"", ""Shanghai""]","[""rail"", ""rail"", ""water""]"
20,hybrid-seeded,feasible-heuristic,12920.713968733973,0.0,819,1,"[""Chongqing"", ""Wuhu"", ""Maanshan"", ""Shanghai""]","[""water"", ""water"", ""water""]"
21,fixed,feasible-heuristic,27049.97402416999,0.0,800,0,"[""Chongqing"", ""Jiujiang"", ""Nanjing"", ""Zhenjiang"", ""Jiangyin"", ""Shanghai""]","[""water"", ""water"", ""rail"", ""rail"", ""rail""]"
21,adaptive,feasible-heuristic,27289.348747150983,0.0,800,0,"[""Chongqing"", ""Jiujiang"", ""Zhangjiagang"", ""Shanghai""]","[""water"", ""rail"", ""road""]"
21,catastrophe,feasible-heuristic,24891.661664786003,0.0,819,1,"[""Chongqing"", ""Jiujiang"", ""Shanghai""]","[""water"", ""rail""]"
21,combined,feasible-heuristic,26097.257620808,0.0,819,1,"[""Chongqing"", ""Zhangjiagang"", ""Nantong"", ""Shanghai""]","[""rail"", ""water"", ""water""]"
21,hybrid-seeded,feasible-heuristic,12920.713968733973,0.0,819,1,"[""Chongqing"", ""Wuhu"", ""Maanshan"", ""Shanghai""]","[""water"", ""water"", ""water""]"
22,fixed,feasible-heuristic,21736.288811425966,0.0,800,0,"[""Chongqing"", ""Wuhu"", ""Nantong"", ""Shanghai""]","[""water"", ""rail"", ""rail""]"
22,adaptive,feasible-heuristic,21736.288811425966,0.0,800,0,"[""Chongqing"", ""Wuhu"", ""Nantong"", ""Shanghai""]","[""water"", ""rail"", ""rail""]"
22,catastrophe,feasible-heuristic,21736.288811425966,0.0,819,1,"[""Chongqing"", ""Wuhu"", ""Nantong"", ""Shanghai""]","[""water"", ""rail"", ""rail""]"
22,combined,feasible-heuristic,21736.288811425966,0.0,819,1,"[""Chongqing"", ""Wuhu"", ""Nantong"", ""Shanghai""]","[""water"", ""rail"", ""rail""]"
22,hybrid-seeded,feasible-heuristic,12920.713968733973,0.0,819,1,"[""Chongqing"", ""Wuhu"", ""Maanshan"", ""Shanghai""]","[""water"", ""water"", ""water""]"
23,fixed,feasible-heuristic,22168.214186026,0.0,800,0,"[""Chongqing"", ""Nanjing"", ""Shanghai""]","[""rail"", ""water""]"
23,adaptive,feasible-heuristic,22168.214186026,0.0,800,0,"[""Chongqing"", ""Nanjing"", ""Shanghai""]","[""rail"", ""water""]"
23,catastrophe,feasible-heuristic,22168.214186026,0.0,819,1,"[""Chongqing"", ""Nanjing"", ""Shanghai""]","[""rail"", ""water""]"
23,combined,feasible-heuristic,22168.214186026,0.0,819,1,"[""Chongqing"", ""Nanjing"", ""Shanghai""]","[""rail"", ""water""]"
23,hybrid-seeded,feasible-heuristic,12920.713968733973,0.0,819,1,"[""Chongqing"", ""Wuhu"", ""Maanshan"", ""Shanghai""]","[""water"", ""water"", ""water""]"
24,fixed,feasible-heuristic,26129.155064072,0.0,800,0,"[""Chongqing"", ""Nantong"", ""Shanghai""]","[""rail"", ""water""]"
24,adaptive,feasible-heuristic,22168.214186026,0.0,800,0,"[""Chongqing"", ""Nanjing"", ""Shanghai""]","[""rail"", ""water""]"
24,catastrophe,feasible-heuristic,26129.155064072,0.0,819,1,"[""Chongqing"", ""Nantong"", ""Shanghai""]","[""rail"", ""water""]"
24,combined,feasible-heuristic,22168.214186026,0.0,819,1,"[""Chongqing"", ""Nanjing"", ""Shanghai""]","[""rail"", ""water""]"
24,hybrid-seeded,feasible-heuristic,12920.713968733973,0.0,819,1,"[""Chongqing"", ""Wuhu"", ""Maanshan"", ""Shanghai""]","[""water"", ""water"", ""water""]"
25,fixed,feasible-heuristic,27884.019329894003,0.0,800,0,"[""Chongqing"", ""Nantong"", ""Shanghai""]","[""rail"", ""rail""]"
25,adaptive,feasible-heuristic,23453.42666887,0.0,800,0,"[""Chongqing"", ""Tongling"", ""Jiangyin"", ""Shanghai""]","[""rail"", ""water"", ""water""]"
25,catastrophe,feasible-heuristic,27884.019329894003,0.0,819,1,"[""Chongqing"", ""Nantong"", ""Shanghai""]","[""rail"", ""rail""]"
25,combined,feasible-heuristic,22490.305650093997,0.0,819,1,"[""Chongqing"", ""Wuhu"", ""Shanghai""]","[""water"", ""rail""]"
25,hybrid-seeded,feasible-heuristic,12920.713968733973,0.0,819,1,"[""Chongqing"", ""Wuhu"", ""Maanshan"", ""Shanghai""]","[""water"", ""water"", ""water""]"
26,fixed,feasible-heuristic,28566.600517476003,0.0,800,0,"[""Chongqing"", ""Shanghai""]","[""rail""]"
26,adaptive,feasible-heuristic,28566.600517476003,0.0,800,0,"[""Chongqing"", ""Shanghai""]","[""rail""]"
26,catastrophe,feasible-heuristic,23444.190845012006,0.0,819,1,"[""Chongqing"", ""Honghu"", ""Shanghai""]","[""water"", ""water""]"
26,combined,feasible-heuristic,23444.190845012006,0.0,819,1,"[""Chongqing"", ""Honghu"", ""Shanghai""]","[""water"", ""water""]"
26,hybrid-seeded,feasible-heuristic,12920.713968733973,0.0,819,1,"[""Chongqing"", ""Wuhu"", ""Maanshan"", ""Shanghai""]","[""water"", ""water"", ""water""]"
27,fixed,feasible-heuristic,28566.600517476003,0.0,800,0,"[""Chongqing"", ""Shanghai""]","[""rail""]"
27,adaptive,feasible-heuristic,28435.787997630003,0.0,800,0,"[""Chongqing"", ""Zhangjiagang"", ""Nantong"", ""Shanghai""]","[""rail"", ""water"", ""rail""]"
27,catastrophe,feasible-heuristic,28566.600517476003,0.0,819,1,"[""Chongqing"", ""Shanghai""]","[""rail""]"
27,combined,feasible-heuristic,21400.985953788004,0.0,819,1,"[""Chongqing"", ""Anqing"", ""Shanghai""]","[""water"", ""rail""]"
27,hybrid-seeded,feasible-heuristic,12920.713968733973,0.0,819,1,"[""Chongqing"", ""Wuhu"", ""Maanshan"", ""Shanghai""]","[""water"", ""water"", ""water""]"
28,fixed,feasible-heuristic,30183.246518988,0.0,800,0,"[""Chongqing"", ""Wuhu"", ""Zhangjiagang"", ""Nantong"", ""Shanghai""]","[""rail"", ""water"", ""rail"", ""road""]"
28,adaptive,feasible-heuristic,28566.600517476003,0.0,800,0,"[""Chongqing"", ""Shanghai""]","[""rail""]"
28,catastrophe,feasible-heuristic,22783.276574808002,0.0,819,1,"[""Chongqing"", ""Wuhu"", ""Maanshan"", ""Shanghai""]","[""rail"", ""rail"", ""water""]"
28,combined,feasible-heuristic,20855.534229630004,0.0,819,1,"[""Chongqing"", ""Wuhu"", ""Maanshan"", ""Shanghai""]","[""rail"", ""water"", ""water""]"
28,hybrid-seeded,feasible-heuristic,12920.713968733973,0.0,819,1,"[""Chongqing"", ""Wuhu"", ""Maanshan"", ""Shanghai""]","[""water"", ""water"", ""water""]"
29,fixed,feasible-heuristic,25420.174954230002,0.0,800,0,"[""Chongqing"", ""Nanjing"", ""Jiangyin"", ""Nantong"", ""Shanghai""]","[""rail"", ""water"", ""water"", ""rail""]"
29,adaptive,feasible-heuristic,22168.214186026,0.0,800,0,"[""Chongqing"", ""Nanjing"", ""Shanghai""]","[""rail"", ""water""]"
29,catastrophe,feasible-heuristic,25420.174954230002,0.0,819,1,"[""Chongqing"", ""Nanjing"", ""Jiangyin"", ""Nantong"", ""Shanghai""]","[""rail"", ""water"", ""water"", ""rail""]"
29,combined,feasible-heuristic,22168.214186026,0.0,819,1,"[""Chongqing"", ""Nanjing"", ""Shanghai""]","[""rail"", ""water""]"
29,hybrid-seeded,feasible-heuristic,12920.713968733973,0.0,819,1,"[""Chongqing"", ""Wuhu"", ""Maanshan"", ""Shanghai""]","[""water"", ""water"", ""water""]"
