method,seed,status,feasible,total_cost_cny,emissions_kg,constraint_violation,restarts,ga_candidate_evaluations,heuristic_seed_evaluations,unique_assignment_evaluations,total_solver_evaluations,adaptive_control,restart_fraction,heuristic_seed_mode,heuristic_seed_strategy
greedy,,feasible-heuristic,True,68449.23815994,9367.505999999998,0.0,0,0,0,82,82,not-applicable,0,not-applicable,deadline
fixed,0,feasible-heuristic,True,68449.23815994,9367.505999999998,0.0,0,8000,0,1705,8000,fitness-spread-v1,1.0,population,deadline
fixed,1,feasible-heuristic,True,68449.23815994,9367.505999999998,0.0,0,8000,0,1716,8000,fitness-spread-v1,1.0,population,deadline
fixed,2,feasible-heuristic,True,68449.23815994,9367.505999999998,0.0,0,8000,0,1874,8000,fitness-spread-v1,1.0,population,deadline
fixed,3,feasible-heuristic,True,68449.23815994,9367.505999999998,0.0,0,8000,0,1730,8000,fitness-spread-v1,1.0,population,deadline
fixed,4,feasible-heuristic,True,68449.23815994,9367.505999999998,0.0,0,8000,0,1783,8000,fitness-spread-v1,1.0,population,deadline
fixed,5,feasible-heuristic,True,68449.23815994,9367.505999999998,0.0,0,8000,0,1727,8000,fitness-spread-v1,1.0,population,deadline
fixed,6,feasible-heuristic,True,68449.23815994,9367.505999999998,0.0,0,8000,0,1765,8000,fitness-spread-v1,1.0,population,deadline
fixed,7,feasible-heuristic,True,68449.23815994,9367.505999999998,0.0,0,8000,0,1620,8000,fitness-spread-v1,1.0,population,deadline
fixed,8,feasible-heuristic,True,68449.23815994,9367.505999999998,0.0,0,8000,0,1832,8000,fitness-spread-v1,1.0,population,deadline
fixed,9,feasible-heuristic,True,68449.23815994,9367.505999999998,0.0,0,8000,0,1763,8000,fitness-spread-v1,1.0,population,deadline
fixed,10,feasible-heuristic,True,68449.23815994,9367.505999999998,0.0,0,8000,0,1779,8000,fitness-spread-v1,1.0,population,deadline
fixed,11,feasible-heuristic,True,68449.23815994,9367.505999999998,0.0,0,8000,0,1793,8000,fitness-spread-v1,1.0,population,deadline
fixed,12,feasible-heuristic,True,68449.23815994,9367.505999999998,0.0,0,8000,0,1689,8000,fitness-spread-v1,1.0,population,deadline
fixed,13,feasible-heuristic,True,68449.23815994,9367.505999999998,0.0,0,8000,0,1844,8000,fitness-spread-v1,1.0,population,deadline
fixed,14,feasible-heuristic,True,68449.23815994,9367.505999999998,0.0,0,8000,0,1755,8000,fitness-spread-v1,1.0,population,deadline
fixed,15,feasible-heuristic,True,68449.23815994,9367.505999999998,0.0,0,8000,0,1816,8000,fitness-spread-v1,1.0,population,deadline
fixed,16,feasible-heuristic,True,68449.23815994,9367.505999999998,0.0,0,8000,0,1914,8000,fitness-spread-v1,1.0,population,deadline
fixed,17,feasible-heuristic,True,68449.23815994,9367.505999999998,0.0,0,8000,0,1750,8000,fitness-spread-v1,1.0,population,deadline
fixed,18,feasible-heuristic,True,68449.23815994,9367.505999999998,0.0,0,8000,0,1670,8000,fitness-spread-v1,1.0,population,deadline
fixed,19,feasible-heuristic,True,68449.23815994,9367.505999999998,0.0,0,8000,0,1684,8000,fitness-spread-v1,1.0,population,deadline
fixed,20,feasible-heuristic,True,68449.23815994,9367.505999999998,0.0,0,8000,0,1796,8000,fitness-spread-v1,1.0,population,deadline
fixed,21,feasible-heuristic,True,68449.23815994,9367.505999999998,0.0,0,8000,0,1708,8000,fitness-spread-v1,1.0,population,deadline
fixed,22,feasible-heuristic,True,68449.23815994,9367.505999999998,0.0,0,8000,0,1798,8000,fitness-spread-v1,1.0,population,deadline
fixed,23,feasible-heuristic,True,68449.23815994,9367.505999999998,0.0,0,8000,0,1880,8000,fitness-spread-v1,1.0,population,deadline
fixed,24,feasible-heuristic,True,68449.23815994,9367.505999999998,0.0,0,8000,0,1728,8000,fitness-spread-v1,1.0,population,deadline
fixed,25,feasible-heuristic,True,68449.23815994,9367.505999999998,0.0,0,8000,0,1750,8000,fitness-spread-v1,1.0,population,deadline
fixed,26,feasible-heuristic,True,68449.23815994,9367.505999999998,0.0,0,8000,0,1770,8000,fitness-spread-v1,1.0,population,deadline
fixed,27,feasible-heuristic,True,68449.23815994,9367.505999999998,0.0,0,8000,0,1750,8000,fitness-spread-v1,1.0,population,deadline
fixed,28,feasible-heuristic,True,68449.23815994,9367.505999999998,0.0,0,8000,0,1791,8000,fitness-spread-v1,1.0,population,deadline
fixed,29,feasible-heuristic,True,68449.23815994,9367.505999999998,0.0,0,8000,0,1686,8000,fitness-spread-v1,1.0,population,deadline
adaptive,0,feasible-heuristic,True,68449.23815994,9367.505999999998,0.0,0,8000,0,4853,8000,diversity-v2,1.0,population,deadline
adaptive,1,feasible-heuristic,True,68449.23815994,9367.505999999998,0.0,0,8000,0,4854,8000,diversity-v2,1.0,population,deadline
adaptive,2,feasible-heuristic,True,68449.23815994,9367.505999999998,0.0,0,8000,0,4774,8000,diversity-v2,1.0,population,deadline
adaptive,3,feasible-heuristic,True,68449.23815994,9367.505999999998,0.0,0,8000,0,4813,8000,diversity-v2,1.0,population,deadline
adaptive,4,feasible-heuristic,True,68449.23815994,9367.505999999998,0.0,0,8000,0,4863,8000,diversity-v2,1.0,population,deadline
adaptive,5,feasible-heuristic,True,68449.23815994,9367.505999999998,0.0,0,8000,0,4872,8000,diversity-v2,1.0,population,deadline
adaptive,6,feasible-heuristic,True,68449.23815994,9367.505999999998,0.0,0,8000,0,4801,8000,diversity-v2,1.0,population,deadline
adaptive,7,feasible-heuristic,True,68449.23815994,9367.505999999998,0.0,0,8000,0,4880,8000,diversity-v2,1.0,population,deadline
adaptive,8,feasible-heuristic,True,68449.23815994,9367.505999999998,0.0,0,8000,0,4879,8000,diversity-v2,1.0,population,deadline
adaptive,9,feasible-heuristic,True,68449.23815994,9367.505999999998,0.0,0,8000,0,4770,8000,diversity-v2,1.0,population,deadline
adaptive,10,feasible-heuristic,True,68449.23815994,9367.505999999998,0.0,0,8000,0,5021,8000,diversity-v2,1.0,population,deadline
adaptive,11,feasible-heuristic,True,68449.23815994,9367.505999999998,0.0,0,8000,0,4781,8000,diversity-v2,1.0,population,deadline
adaptive,12,feasible-heuristic,True,68449.23815994,9367.505999999998,0.0,0,8000,0,4977,8000,diversity-v2,1.0,population,deadline
adaptive,13,feasible-heuristic,True,68449.23815994,9367.505999999998,0.0,0,8000,0,4744,8000,diversity-v2,1.0,population,deadline
adaptive,14,feasible-heuristic,True,68449.23815994,9367.505999999998,0.0,0,8000,0,4776,8000,diversity-v2,1.0,population,deadline
adaptive,15,feasible-heuristic,True,68449.23815994,9367.505999999998,0.0,0,8000,0,5015,8000,diversity-v2,1.0,population,deadline
adaptive,16,feasible-heuristic,True,68449.23815994,9367.505999999998,0.0,0,8000,0,4822,8000,diversity-v2,1.0,population,deadline
adaptive,17,feasible-heuristic,True,68449.23815994,9367.505999999998,0.0,0,8000,0,4873,8000,diversity-v2,1.0,population,deadline
adaptive,18,feasible-heuristic,True,68449.23815994,9367.505999999998,0.0,0,8000,0,4873,8000,diversity-v2,1.0,population,deadline
adaptive,19,feasible-heuristic,True,68449.23815994,9367.505999999998,0.0,0,8000,0,4879,8000,diversity-v2,1.0,population,deadline
adaptive,20,feasible-heuristic,True,68449.23815994,9367.505999999998,0.0,0,8000,0,4892,8000,diversity-v2,1.0,population,deadline
adaptive,21,feasible-heuristic,True,68449.23815994,9367.505999999998,0.0,0,8000,0,4800,8000,diversity-v2,1.0,population,deadline
adaptive,22,feasible-heuristic,True,68449.23815994,9367.505999999998,0.0,0,8000,0,4867,8000,diversity-v2,1.0,population,deadline
adaptive,23,feasible-heuristic,True,68449.23815994,9367.505999999998,0.0,0,8000,0,4940,8000,diversity-v2,1.0,population,deadline
adaptive,24,feasible-heuristic,True,68449.23815994,9367.505999999998,0.0,0,8000,0,4837,8000,diversity-v2,1.0,population,deadline
adaptive,25,feasible-heuristic,True,68449.23815994,9367.505999999998,0.0,0,8000,0,4878,8000,diversity-v2,1.0,population,deadline
adaptive,26,feasible-heuristic,True,68449.23815994,9367.505999999998,0.0,0,8000,0,4782,8000,diversity-v2,1.0,population,deadline
adaptive,27,feasible-heuristic,True,68449.23815994,9367.505999999998,0.0,0,8000,0,4903,8000,diversity-v2,1.0,population,deadline
adaptive,28,feasible-heuristic,True,68449.23815994,9367.505999999998,0.0,0,8000,0,4885,8000,diversity-v2,1.0,population,deadline
adaptive,29,feasible-heuristic,True,68449.23815994,9367.505999999998,0.0,0,8000,0,4822,8000,diversity-v2,1.0,population,deadline
catastrophe,0,feasible-heuristic,True,68449.23815994,9367.505999999998,0.0,3,8000,0,2264,8000,fitness-spread-v1,0.25,population,deadline
catastrophe,1,feasible-heuristic,True,68449.23815994,9367.505999999998,0.0,3,8000,0,2233,8000,fitness-spread-v1,0.25,population,deadline
catastrophe,2,feasible-heuristic,True,68449.23815994,9367.505999999998,0.0,3,8000,0,2390,8000,fitness-spread-v1,0.25,population,deadline
catastrophe,3,feasible-heuristic,True,68449.23815994,9367.505999999998,0.0,3,8000,0,2357,8000,fitness-spread-v1,0.25,population,deadline
catastrophe,4,feasible-heuristic,True,68449.23815994,9367.505999999998,0.0,3,8000,0,2274,8000,fitness-spread-v1,0.25,population,deadline
catastrophe,5,feasible-heuristic,True,68449.23815994,9367.505999999998,0.0,3,8000,0,2346,8000,fitness-spread-v1,0.25,population,deadline
catastrophe,6,feasible-heuristic,True,68449.23815994,9367.505999999998,0.0,3,8000,0,2288,8000,fitness-spread-v1,0.25,population,deadline
catastrophe,7,feasible-heuristic,True,68449.23815994,9367.505999999998,0.0,3,8000,0,2210,8000,fitness-spread-v1,0.25,population,deadline
catastrophe,8,feasible-heuristic,True,68449.23815994,9367.505999999998,0.0,3,8000,0,2350,8000,fitness-spread-v1,0.25,population,deadline
catastrophe,9,feasible-heuristic,True,68449.23815994,9367.505999999998,0.0,3,8000,0,2292,8000,fitness-spread-v1,0.25,population,deadline
catastrophe,10,feasible-heuristic,True,68449.23815994,9367.505999999998,0.0,3,8000,0,2295,8000,fitness-spread-v1,0.25,population,deadline
catastrophe,11,feasible-heuristic,True,68449.23815994,9367.505999999998,0.0,3,8000,0,2278,8000,fitness-spread-v1,0.25,population,deadline
catastrophe,12,feasible-heuristic,True,68449.23815994,9367.505999999998,0.0,3,8000,0,2297,8000,fitness-spread-v1,0.25,population,deadline
catastrophe,13,feasible-heuristic,True,68449.23815994,9367.505999999998,0.0,3,8000,0,2321,8000,fitness-spread-v1,0.25,population,deadline
catastrophe,14,feasible-heuristic,True,68449.23815994,9367.505999999998,0.0,3,8000,0,2274,8000,fitness-spread-v1,0.25,population,deadline
catastrophe,15,feasible-heuristic,True,68449.23815994,9367.505999999998,0.0,3,8000,0,2351,8000,fitness-spread-v1,0.25,population,deadline
catastrophe,16,feasible-heuristic,True,68449.23815994,9367.505999999998,0.0,3,8000,0,2315,8000,fitness-spread-v1,0.25,population,deadline
catastrophe,17,feasible-heuristic,True,68449.23815994,9367.505999999998,0.0,3,8000,0,2338,8000,fitness-spread-v1,0.25,population,deadline
catastrophe,18,feasible-heuristic,True,68449.23815994,9367.505999999998,0.0,3,8000,0,2386,8000,fitness-spread-v1,0.25,population,deadline
catastrophe,19,feasible-heuristic,True,68449.23815994,9367.505999999998,0.0,3,8000,0,2291,8000,fitness-spread-v1,0.25,population,deadline
catastrophe,20,feasible-heuristic,True,68449.23815994,9367.505999999998,0.0,3,8000,0,2415,8000,fitness-spread-v1,0.25,population,deadline
catastrophe,21,feasible-heuristic,True,68449.23815994,9367.505999999998,0.0,3,8000,0,2273,8000,fitness-spread-v1,0.25,population,deadline
catastrophe,22,feasible-heuristic,True,68449.23815994,9367.505999999998,0.0,3,8000,0,2318,8000,fitness-spread-v1,0.25,population,deadline
catastrophe,23,feasible-heuristic,True,68449.23815994,9367.505999999998,0.0,3,8000,0,2366,8000,fitness-spread-v1,0.25,population,deadline
catastrophe,24,feasible-heuristic,True,68449.23815994,9367.505999999998,0.0,3,8000,0,2348,8000,fitness-spread-v1,0.25,population,deadline
catastrophe,25,feasible-heuristic,True,68449.23815994,9367.505999999998,0.0,3,8000,0,2350,8000,fitness-spread-v1,0.25,population,deadline
catastrophe,26,feasible-heuristic,True,68449.23815994,9367.505999999998,0.0,3,8000,0,2388,8000,fitness-spread-v1,0.25,population,deadline
catastrophe,27,feasible-heuristic,True,68449.23815994,9367.505999999998,0.0,3,8000,0,2431,8000,fitness-spread-v1,0.25,population,deadline
catastrophe,28,feasible-heuristic,True,68449.23815994,9367.505999999998,0.0,3,8000,0,2301,8000,fitness-spread-v1,0.25,population,deadline
catastrophe,29,feasible-heuristic,True,68449.23815994,9367.505999999998,0.0,3,8000,0,2374,8000,fitness-spread-v1,0.25,population,deadline
combined,0,feasible-heuristic,True,68449.23815994,9367.505999999998,0.0,3,8000,0,4658,8000,diversity-v2,0.25,population,deadline
combined,1,feasible-heuristic,True,68449.23815994,9367.505999999998,0.0,3,8000,0,4783,8000,diversity-v2,0.25,population,deadline
combined,2,feasible-heuristic,True,68449.23815994,9367.505999999998,0.0,3,8000,0,4684,8000,diversity-v2,0.25,population,deadline
combined,3,feasible-heuristic,True,68449.23815994,9367.505999999998,0.0,3,8000,0,4676,8000,diversity-v2,0.25,population,deadline
combined,4,feasible-heuristic,True,68449.23815994,9367.505999999998,0.0,3,8000,0,4603,8000,diversity-v2,0.25,population,deadline
combined,5,feasible-heuristic,True,68449.23815994,9367.505999999998,0.0,3,8000,0,4576,8000,diversity-v2,0.25,population,deadline
combined,6,feasible-heuristic,True,68449.23815994,9367.505999999998,0.0,3,8000,0,4638,8000,diversity-v2,0.25,population,deadline
combined,7,feasible-heuristic,True,68449.23815994,9367.505999999998,0.0,3,8000,0,4612,8000,diversity-v2,0.25,population,deadline
combined,8,feasible-heuristic,True,68449.23815994,9367.505999999998,0.0,3,8000,0,4684,8000,diversity-v2,0.25,population,deadline
combined,9,feasible-heuristic,True,68449.23815994,9367.505999999998,0.0,3,8000,0,4709,8000,diversity-v2,0.25,population,deadline
combined,10,feasible-heuristic,True,68449.23815994,9367.505999999998,0.0,3,8000,0,4706,8000,diversity-v2,0.25,population,deadline
combined,11,feasible-heuristic,True,68449.23815994,9367.505999999998,0.0,3,8000,0,4604,8000,diversity-v2,0.25,population,deadline
combined,12,feasible-heuristic,True,68449.23815994,9367.505999999998,0.0,2,8000,0,4688,8000,diversity-v2,0.25,population,deadline
combined,13,feasible-heuristic,True,68449.23815994,9367.505999999998,0.0,3,8000,0,4707,8000,diversity-v2,0.25,population,deadline
combined,14,feasible-heuristic,True,68449.23815994,9367.505999999998,0.0,3,8000,0,4628,8000,diversity-v2,0.25,population,deadline
combined,15,feasible-heuristic,True,68449.23815994,9367.505999999998,0.0,3,8000,0,4842,8000,diversity-v2,0.25,population,deadline
combined,16,feasible-heuristic,True,68449.23815994,9367.505999999998,0.0,2,8000,0,4661,8000,diversity-v2,0.25,population,deadline
combined,17,feasible-heuristic,True,68449.23815994,9367.505999999998,0.0,3,8000,0,4664,8000,diversity-v2,0.25,population,deadline
combined,18,feasible-heuristic,True,68449.23815994,9367.505999999998,0.0,3,8000,0,4674,8000,diversity-v2,0.25,population,deadline
combined,19,feasible-heuristic,True,68449.23815994,9367.505999999998,0.0,3,8000,0,4653,8000,diversity-v2,0.25,population,deadline
combined,20,feasible-heuristic,True,68449.23815994,9367.505999999998,0.0,3,8000,0,4661,8000,diversity-v2,0.25,population,deadline
combined,21,feasible-heuristic,True,68449.23815994,9367.505999999998,0.0,3,8000,0,4709,8000,diversity-v2,0.25,population,deadline
combined,22,feasible-heuristic,True,68449.23815994,9367.505999999998,0.0,3,8000,0,4541,8000,diversity-v2,0.25,population,deadline
combined,23,feasible-heuristic,True,68449.23815994,9367.505999999998,0.0,2,8000,0,4742,8000,diversity-v2,0.25,population,deadline
combined,24,feasible-heuristic,True,68449.23815994,9367.505999999998,0.0,3,8000,0,4614,8000,diversity-v2,0.25,population,deadline
combined,25,feasible-heuristic,True,68449.23815994,9367.505999999998,0.0,3,8000,0,4686,8000,diversity-v2,0.25,population,deadline
combined,26,feasible-heuristic,True,68449.23815994,9367.505999999998,0.0,3,8000,0,4602,8000,diversity-v2,0.25,population,deadline
combined,27,feasible-heuristic,True,68449.23815994,9367.505999999998,0.0,3,8000,0,4686,8000,diversity-v2,0.25,population,deadline
combined,28,feasible-heuristic,True,68449.23815994,9367.505999999998,0.0,3,8000,0,4584,8000,diversity-v2,0.25,population,deadline
combined,29,feasible-heuristic,True,68449.23815994,9367.505999999998,0.0,3,8000,0,4579,8000,diversity-v2,0.25,population,deadline
hybrid-seeded,0,feasible-heuristic,True,68449.23815994,9367.505999999998,0.0,3,8000,82,4659,8082,diversity-v2,0.25,archive,opportunity
hybrid-seeded,1,feasible-heuristic,True,68449.23815994,9367.505999999998,0.0,3,8000,82,4784,8082,diversity-v2,0.25,archive,opportunity
hybrid-seeded,2,feasible-heuristic,True,68449.23815994,9367.505999999998,0.0,3,8000,82,4685,8082,diversity-v2,0.25,archive,opportunity
hybrid-seeded,3,feasible-heuristic,True,68449.23815994,9367.505999999998,0.0,3,8000,82,4677,8082,diversity-v2,0.25,archive,opportunity
hybrid-seeded,4,feasible-heuristic,True,68449.23815994,9367.505999999998,0.0,3,8000,82,4604,8082,diversity-v2,0.25,archive,opportunity
hybrid-seeded,5,feasible-heuristic,True,68449.23815994,9367.505999999998,0.0,3,8000,82,4577,8082,diversity-v2,0.25,archive,opportunity
hybrid-seeded,6,feasible-heuristic,True,68449.23815994,9367.505999999998,0.0,3,8000,82,4639,8082,diversity-v2,0.25,archive,opportunity
hybrid-seeded,7,feasible-heuristic,True,68449.23815994,9367.505999999998,0.0,3,8000,82,4613,8082,diversity-v2,0.25,archive,opportunity
hybrid-seeded,8,feasible-heuristic,True,68449.23815994,9367.505999999998,0.0,3,8000,82,4685,8082,diversity-v2,0.25,archive,opportunity
hybrid-seeded,9,feasible-heuristic,True,68449.23815994,9367.505999999998,0.0,3,8000,82,4710,8082,diversity-v2,0.25,archive,opportunity
hybrid-seeded,10,feasible-heuristic,True,68449.23815994,9367.505999999998,0.0,3,8000,82,4707,8082,diversity-v2,0.25,archive,opportunity
hybrid-seeded,11,feasible-heuristic,True,68449.23815994,9367.505999999998,0.0,3,8000,82,4605,8082,diversity-v2,0.25,archive,opportunity
hybrid-seeded,12,feasible-heuristic,True,68449.23815994,9367.505999999998,0.0,2,8000,82,4689,8082,diversity-v2,0.25,archive,opportunity
hybrid-seeded,13,feasible-heuristic,True,68449.23815994,9367.505999999998,0.0,3,8000,82,4708,8082,diversity-v2,0.25,archive,opportunity
hybrid-seeded,14,feasible-heuristic,True,68449.23815994,9367.505999999998,0.0,3,8000,82,4629,8082,diversity-v2,0.25,archive,opportunity
hybrid-seeded,15,feasible-heuristic,True,68449.23815994,9367.505999999998,0.0,3,8000,82,4843,8082,diversity-v2,0.25,archive,opportunity
hybrid-seeded,16,feasible-heuristic,True,68449.23815994,9367.505999999998,0.0,2,8000,82,4662,8082,diversity-v2,0.25,archive,opportunity
hybrid-seeded,17,feasible-heuristic,True,68449.23815994,9367.505999999998,0.0,3,8000,82,4665,8082,diversity-v2,0.25,archive,opportunity
hybrid-seeded,18,feasible-heuristic,True,68449.23815994,9367.505999999998,0.0,3,8000,82,4675,8082,diversity-v2,0.25,archive,opportunity
hybrid-seeded,19,feasible-heuristic,True,68449.23815994,9367.505999999998,0.0,3,8000,82,4654,8082,diversity-v2,0.25,archive,opportunity
hybrid-seeded,20,feasible-heuristic,True,68449.23815994,9367.505999999998,0.0,3,8000,82,4662,8082,diversity-v2,0.25,archive,opportunity
hybrid-seeded,21,feasible-heuristic,True,68449.23815994,9367.505999999998,0.0,3,8000,82,4710,8082,diversity-v2,0.25,archive,opportunity
hybrid-seeded,22,feasible-heuristic,True,68449.23815994,9367.505999999998,0.0,3,8000,82,4542,8082,diversity-v2,0.25,archive,opportunity
hybrid-seeded,23,feasible-heuristic,True,68449.23815994,9367.505999999998,0.0,2,8000,82,4743,8082,diversity-v2,0.25,archive,opportunity
hybrid-seeded,24,feasible-heuristic,True,68449.23815994,9367.505999999998,0.0,3,8000,82,4615,8082,diversity-v2,0.25,archive,opportunity
hybrid-seeded,25,feasible-heuristic,True,68449.23815994,9367.505999999998,0.0,3,8000,82,4687,8082,diversity-v2,0.25,archive,opportunity
hybrid-seeded,26,feasible-heuristic,True,68449.23815994,9367.505999999998,0.0,3,8000,82,4603,8082,diversity-v2,0.25,archive,opportunity
hybrid-seeded,27,feasible-heuristic,True,68449.23815994,9367.505999999998,0.0,3,8000,82,4687,8082,diversity-v2,0.25,archive,opportunity
hybrid-seeded,28,feasible-heuristic,True,68449.23815994,9367.505999999998,0.0,3,8000,82,4585,8082,diversity-v2,0.25,archive,opportunity
hybrid-seeded,29,feasible-heuristic,True,68449.23815994,9367.505999999998,0.0,3,8000,82,4580,8082,diversity-v2,0.25,archive,opportunity
