candidate_width,reduction_target,method,runs,feasible_runs,feasible_rate,best_cost_cny,median_cost_cny,median_cost_premium_percent,median_transit_hours,median_max_departure_utilization,median_saturated_departures,mean_restarts,mean_generations_completed
6,0.0,adaptive,5,5,1.0,78546.25821798848,78806.05497957348,0.7479087530089412,16.72022171532847,0,0,0.0,60.0
6,0.0,archive-only,1,1,1.0,78221.03302687149,78221.03302687149,-2.220446049250313e-14,16.630763686131388,0,0,0.0,0.0
6,0.0,catastrophe,5,5,1.0,78610.3947455325,78760.20656372447,0.6892948302891,16.743827554744527,0,0,0.0,60.0
6,0.0,combined,5,5,1.0,78546.25821798848,78806.05497957348,0.7479087530089412,16.72022171532847,0,0,0.0,60.0
6,0.0,fixed,5,5,1.0,78610.3947455325,78760.20656372447,0.6892948302891,16.743827554744527,0,0,0.0,60.0
6,0.0,heuristic+ga,5,5,1.0,78221.03302687149,78221.03302687149,-2.220446049250313e-14,16.630763686131388,0,0,0.0,1.0
6,0.095,adaptive,5,5,1.0,94112.21762775244,94162.7836817325,20.380388800777503,23.15350030413626,1.0,5,0.0,60.0
6,0.095,archive-only,1,1,1.0,92908.86183863952,92908.86183863952,18.777339346467414,22.634749087591246,1.0,6,0.0,0.0
6,0.095,catastrophe,5,5,1.0,93228.207191335,93921.13935442052,20.07146379945597,23.537896897810228,1.0,5,0.0,60.0
6,0.095,combined,5,5,1.0,94112.21762775244,94162.7836817325,20.380388800777503,23.15350030413626,1.0,5,0.0,60.0
6,0.095,fixed,5,5,1.0,93228.207191335,93921.13935442052,20.07146379945597,23.537896897810228,1.0,5,0.0,60.0
6,0.095,heuristic+ga,5,5,1.0,90897.20562678401,91086.8621937235,16.448043024990678,22.183243004866185,1.0,5,1.8,60.0
6,0.2,adaptive,5,5,1.0,108935.86143032851,110036.43723885847,40.673720329233355,30.154778284671536,1.0,13,0.0,60.0
6,0.2,archive-only,1,1,1.0,107387.79444929952,107387.79444929952,37.28761983034443,28.45507268856449,1.0,12,0.0,0.0
6,0.2,catastrophe,5,5,1.0,109623.99941419401,110017.49938478248,40.64950963635041,29.34332633819951,1.0,12,0.0,60.0
6,0.2,combined,5,5,1.0,108935.86143032851,110036.43723885847,40.673720329233355,30.154778284671536,1.0,13,0.0,60.0
6,0.2,fixed,5,5,1.0,109623.99941419401,110017.49938478248,40.64950963635041,29.34332633819951,1.0,12,0.0,60.0
6,0.2,heuristic+ga,5,5,1.0,106651.46485149453,106899.5404607675,36.663422003189325,28.52518765206814,1.0,12,2.0,60.0
6,0.3,adaptive,5,5,1.0,126340.88009234052,127283.12198350704,62.72237409570018,36.56099513381995,1.0,21,0.0,60.0
6,0.3,archive-only,1,1,1.0,124692.83485338603,124692.83485338603,59.41087713652404,35.6445790754258,1.0,18,0.0,0.0
6,0.3,catastrophe,5,5,1.0,125434.44542131304,126667.799780147,61.9357286378875,36.61372049878346,1.0,20,0.4,60.0
6,0.3,combined,5,5,1.0,126340.88009234052,127283.12198350704,62.72237409570018,36.56099513381995,1.0,21,0.0,60.0
6,0.3,fixed,5,5,1.0,125434.44542131304,126667.799780147,61.9357286378875,36.61372049878346,1.0,20,0.0,60.0
6,0.3,heuristic+ga,5,5,1.0,122586.29800703704,122642.37791898502,56.789514499064865,34.78332299270074,1.0,16,3.0,60.0
10,0.0,adaptive,5,5,1.0,79655.51900501497,80144.55914623749,2.4590906626165143,17.263307481751827,1.0,1,0.0,60.0
10,0.0,archive-only,1,1,1.0,78221.03302687149,78221.03302687149,-2.220446049250313e-14,16.630763686131388,0,0,0.0,0.0
10,0.0,catastrophe,5,5,1.0,79665.53024169499,80206.433281176,2.5381923217792757,17.039113746958634,0.75,0,0.0,60.0
10,0.0,combined,5,5,1.0,79655.51900501497,80144.55914623749,2.4590906626165143,17.263307481751827,1.0,1,0.0,60.0
10,0.0,fixed,5,5,1.0,79665.53024169499,80206.433281176,2.5381923217792757,17.039113746958634,0.75,0,0.0,60.0
10,0.0,heuristic+ga,5,5,1.0,78221.03302687149,78221.03302687149,-2.220446049250313e-14,16.630763686131388,0,0,0.0,1.0
10,0.095,adaptive,5,5,1.0,94015.30130503199,95530.55533305198,22.12898709766986,23.085711678832123,1.0,6,0.0,60.0
10,0.095,archive-only,1,1,1.0,92908.86183863952,92908.86183863952,18.777339346467414,22.634749087591246,1.0,6,0.0,0.0
10,0.095,catastrophe,5,5,1.0,95440.954342028,96121.981281535,22.885082901569366,23.893929744525543,1.0,7,0.0,60.0
10,0.095,combined,5,5,1.0,94015.30130503199,95530.55533305198,22.12898709766986,23.085711678832123,1.0,6,0.0,60.0
10,0.095,fixed,5,5,1.0,95440.954342028,96121.981281535,22.885082901569366,23.893929744525543,1.0,7,0.0,60.0
10,0.095,heuristic+ga,5,5,1.0,91086.8621937235,91131.57688630151,16.505207563539614,22.169920012165452,1.0,5,1.2,60.0
10,0.2,adaptive,5,5,1.0,110065.69329581498,111890.03245003501,43.04340932393094,30.03596289537713,1.0,13,0.0,60.0
10,0.2,archive-only,1,1,1.0,108305.366308195,108305.366308195,38.46066986994219,28.372345498783467,1.0,12,0.0,0.0
10,0.2,catastrophe,5,5,1.0,111036.1864099465,111951.41149256303,43.121878042832826,29.82399847931874,1.0,14,0.0,60.0
10,0.2,combined,5,5,1.0,110065.69329581498,111890.03245003501,43.04340932393094,30.03596289537713,1.0,13,0.0,60.0
10,0.2,fixed,5,5,1.0,111036.1864099465,111951.41149256303,43.121878042832826,29.82399847931874,1.0,14,0.0,60.0
10,0.2,heuristic+ga,5,5,1.0,106296.67392949102,106444.28079839902,36.081405063816916,27.874310218978113,1.0,12,3.0,60.0
10,0.3,adaptive,5,5,1.0,125979.94573367402,127941.75063331901,63.56438375004176,36.346845498783466,1.0,20,0.0,60.0
10,0.3,archive-only,1,1,1.0,122886.57090936702,122886.57090936702,57.10169778395975,34.30174695863747,1.0,18,0.0,0.0
10,0.3,catastrophe,5,5,1.0,126734.01373647753,127586.16792424205,63.10979667119967,37.424752737226285,1.0,21,0.0,60.0
10,0.3,combined,5,5,1.0,125979.94573367402,127941.75063331901,63.56438375004176,36.346845498783466,1.0,20,0.0,60.0
10,0.3,fixed,5,5,1.0,126734.01373647753,127586.16792424205,63.10979667119967,37.424752737226285,1.0,21,0.0,60.0
10,0.3,heuristic+ga,5,5,1.0,122260.268909505,122260.268909505,56.301015441082924,34.30174695863747,1.0,18,3.4,60.0
14,0.0,adaptive,5,5,1.0,80894.36644306351,81526.54942016801,4.225866452263483,17.846544403892942,1.0,2,0.0,60.0
14,0.0,archive-only,1,1,1.0,78221.03302687149,78221.03302687149,-2.220446049250313e-14,16.630763686131388,0,0,0.0,0.0
14,0.0,catastrophe,5,5,1.0,81102.75528427599,81768.70132205749,4.535440351404252,18.010793795620444,1.0,1,0.0,60.0
14,0.0,combined,5,5,1.0,80894.36644306351,81526.54942016801,4.225866452263483,17.846544403892942,1.0,2,0.0,60.0
14,0.0,fixed,5,5,1.0,81102.75528427599,81768.70132205749,4.535440351404252,18.010793795620444,1.0,1,0.0,60.0
14,0.0,heuristic+ga,5,5,1.0,78221.03302687149,78221.03302687149,-2.220446049250313e-14,16.630763686131388,0,0,0.0,1.0
14,0.095,adaptive,5,5,1.0,95421.5584613995,96125.89037979499,22.89008040429814,23.83856599756691,1.0,7,0.0,60.0
14,0.095,archive-only,1,1,1.0,93459.06998126351,93459.06998126351,19.480741131553756,22.70984884428224,1.0,6,0.0,0.0
14,0.095,catastrophe,5,5,1.0,95616.482018648,96687.5539490575,23.608127133583288,24.121648114355246,1.0,7,0.0,60.0
14,0.095,combined,5,5,1.0,95421.5584613995,96125.89037979499,22.89008040429814,23.83856599756691,1.0,7,0.0,60.0
14,0.095,fixed,5,5,1.0,95616.482018648,96687.5539490575,23.608127133583288,24.121648114355246,1.0,7,0.0,60.0
14,0.095,heuristic+ga,5,5,1.0,90664.21432843352,90770.3473321585,16.04340139687992,21.641986313868617,1.0,5,2.4,60.0
14,0.2,adaptive,5,5,1.0,112011.573061516,113383.07354252001,44.952155647917856,30.66088077858881,1.0,14,0.0,60.0
14,0.2,archive-only,1,1,1.0,108500.8258919855,108500.8258919855,38.71055097765315,29.82228558394162,1.0,15,0.0,0.0
14,0.2,catastrophe,5,5,1.0,111938.16134860102,112843.66771629053,44.26256385226337,30.669757907542582,1.0,14,0.0,60.0
14,0.2,combined,5,5,1.0,112011.573061516,113383.07354252001,44.952155647917856,30.66088077858881,1.0,14,0.0,60.0
14,0.2,fixed,5,5,1.0,111938.16134860102,112843.66771629053,44.26256385226337,30.669757907542582,1.0,14,0.0,60.0
14,0.2,heuristic+ga,5,5,1.0,106395.4751770215,106413.3423067005,36.04185241346023,28.819431569343077,1.0,14,2.8,60.0
14,0.3,adaptive,5,5,1.0,127802.04598547405,128806.67729447952,64.67013066706775,38.9772694647202,1.0,20,0.0,60.0
14,0.3,archive-only,1,1,1.0,121484.04834295853,121484.04834295853,55.3086729258929,34.13828193430658,1.0,18,0.0,0.0
14,0.3,catastrophe,5,5,1.0,127735.90732825152,128721.85076611902,64.56168601340107,39.29452128953771,1.0,24,0.0,60.0
14,0.3,combined,5,5,1.0,127802.04598547405,128806.67729447952,64.67013066706775,38.9772694647202,1.0,20,0.0,60.0
14,0.3,fixed,5,5,1.0,127735.90732825152,128721.85076611902,64.56168601340107,39.29452128953771,1.0,24,0.0,60.0
14,0.3,heuristic+ga,5,5,1.0,121484.04834295853,121484.04834295853,55.3086729258929,34.13828193430658,1.0,18,4.0,60.0
