reduction_target,method,exact_cost_cny,exact_evaluations,runs,feasible_runs,best_gap_percent,median_gap_percent
0.0,archive-only,7770.407975875999,4096,1,1,0.0,0.0
0.0,fixed,7770.407975875999,4096,5,5,0.0,0.0
0.0,adaptive,7770.407975875999,4096,5,5,0.0,0.0
0.0,catastrophe,7770.407975875999,4096,5,5,0.0,0.0
0.0,combined,7770.407975875999,4096,5,5,0.0,0.0
0.0,heuristic+ga,7770.407975875999,4096,5,5,0.0,0.0
0.095,archive-only,9697.733108034998,4096,1,1,11.969942238132102,11.969942238132102
0.095,fixed,9697.733108034998,4096,5,5,0.0,0.0
0.095,adaptive,9697.733108034998,4096,5,5,0.0,0.0
0.095,catastrophe,9697.733108034998,4096,5,5,0.0,0.0
0.095,combined,9697.733108034998,4096,5,5,0.0,0.09519034470391041
0.095,heuristic+ga,9697.733108034998,4096,5,5,0.0,0.0
0.2,archive-only,10760.206558014997,4096,1,1,0.9139192721793199,0.9139192721793199
0.2,fixed,10760.206558014997,4096,5,5,0.0,0.0
0.2,adaptive,10760.206558014997,4096,5,5,0.0,0.0
0.2,catastrophe,10760.206558014997,4096,5,5,0.0,0.0
0.2,combined,10760.206558014997,4096,5,5,0.0,0.0
0.2,heuristic+ga,10760.206558014997,4096,5,5,0.0,0.0
0.3,archive-only,12625.965789053,4096,1,1,3.5650987587125593,3.5650987587125593
0.3,fixed,12625.965789053,4096,5,5,0.0,0.0
0.3,adaptive,12625.965789053,4096,5,5,0.0,0.0
0.3,catastrophe,12625.965789053,4096,5,5,0.0,0.0
0.3,combined,12625.965789053,4096,5,5,0.0,0.07311365901219169
0.3,heuristic+ga,12625.965789053,4096,5,5,0.0,0.0
