candidate_width,reduction_target,emission_cap_kg,baseline_cost_cny,baseline_emissions_kg,candidate_objective_lower_bound_cny,best_method,best_cost_cny,best_emissions_kg,best_transit_hours,max_departure_utilization,departures_at_least_90pct,used_clean_departures
6,0.0,,78221.0330268715,64706.97534999999,78221.03302687149,archive-only,78221.03302687149,64706.97535,16.630763686131388,0,0,0
6,0.095,58559.81269175,78221.0330268715,64706.97534999999,78221.03302687149,heuristic+ga,90897.20562678401,58547.921599999994,21.648587591240876,1.0,3,8
6,0.2,51765.580279999995,78221.0330268715,64706.97534999999,78221.03302687149,heuristic+ga,106651.46485149453,51735.83804999999,28.761945559610716,1.0,12,18
6,0.3,45294.882744999995,78221.0330268715,64706.97534999999,78221.03302687149,heuristic+ga,122586.29800703704,45294.47129999998,34.76604805352798,1.0,16,32
10,0.0,,78221.0330268715,64706.97534999999,78221.03302687149,archive-only,78221.03302687149,64706.97535,16.630763686131388,0,0,0
10,0.095,58559.81269175,78221.0330268715,64706.97534999999,78221.03302687149,heuristic+ga,91086.8621937235,58434.59014999999,22.183243004866185,1.0,5,7
10,0.2,51765.580279999995,78221.0330268715,64706.97534999999,78221.03302687149,heuristic+ga,106296.67392949102,51747.07589999999,27.54310948905111,1.0,12,19
10,0.3,45294.882744999995,78221.0330268715,64706.97534999999,78221.03302687149,heuristic+ga,122260.268909505,45285.4245,34.30174695863747,1.0,18,33
14,0.0,,78221.0330268715,64706.97534999999,78221.03302687149,archive-only,78221.03302687149,64706.97535,16.630763686131388,0,0,0
14,0.095,58559.81269175,78221.0330268715,64706.97534999999,78221.03302687149,heuristic+ga,90664.21432843352,58541.369149999984,21.266935218978105,1.0,4,8
14,0.2,51765.580279999995,78221.0330268715,64706.97534999999,78221.03302687149,heuristic+ga,106395.4751770215,51733.210349999994,28.819431569343077,1.0,14,23
14,0.3,45294.882744999995,78221.0330268715,64706.97534999999,78221.03302687149,archive-only,121484.04834295853,45259.29164999999,34.13828193430658,1.0,18,38
