family,configuration,scope,reduction_target,seed,feasible,total_cost_cny,emissions_kg,constraint_violation,restarts,candidate_evaluations
adaptive,m050-c100,single-mode-per-order,0,100,True,90848.07521576749,20041.985749999996,0.0,0,2400
adaptive,m050-c100,single-mode-per-order,0,101,True,91451.87547099352,20653.613149999994,0.0,0,2400
adaptive,m050-c100,single-mode-per-order,0,102,True,91229.80747190249,20460.997249999993,0.0,0,2400
adaptive,m050-c100,single-mode-per-order,0,103,True,91438.35768425147,20605.737349999996,0.0,0,2400
adaptive,m050-c100,single-mode-per-order,0,104,True,90027.13341747649,20234.28984999999,0.0,0,2400
adaptive,m050-c100,single-mode-per-order,0,105,True,90710.84209757,20231.99299999999,0.0,0,2400
adaptive,m050-c100,single-mode-per-order,0,106,True,91147.42347641298,19658.433699999994,0.0,0,2400
adaptive,m050-c100,single-mode-per-order,0,107,True,91276.61382968747,20936.093749999993,0.0,0,2400
adaptive,m050-c100,multimodal-enabled,0,100,True,90331.26356354899,19282.120099999996,0.0,0,2400
adaptive,m050-c100,multimodal-enabled,0,101,True,90801.01742865799,19235.584199999998,0.0,0,2400
adaptive,m050-c100,multimodal-enabled,0,102,True,89935.8568965725,19862.780249999996,0.0,0,2400
adaptive,m050-c100,multimodal-enabled,0,103,True,91349.20142194,20886.30599999999,0.0,0,2400
adaptive,m050-c100,multimodal-enabled,0,104,True,89033.20468200948,19809.411549999993,0.0,0,2400
adaptive,m050-c100,multimodal-enabled,0,105,True,89392.48143882549,19785.629950000002,0.0,0,2400
adaptive,m050-c100,multimodal-enabled,0,106,True,90219.82939356698,20761.5683,0.0,0,2400
adaptive,m050-c100,multimodal-enabled,0,107,True,90013.1529149185,19421.09565,0.0,0,2400
adaptive,m075-c125,single-mode-per-order,0,100,True,90577.2767122435,19908.23814999999,0.0,0,2400
adaptive,m075-c125,single-mode-per-order,0,101,True,92102.54571382597,19923.267399999997,0.0,0,2400
adaptive,m075-c125,single-mode-per-order,0,102,True,90874.45650373698,20397.301300000003,0.0,0,2400
adaptive,m075-c125,single-mode-per-order,0,103,True,91228.43684472497,20217.402499999993,0.0,0,2400
adaptive,m075-c125,single-mode-per-order,0,104,True,90856.8373854895,20066.06354999999,0.0,0,2400
adaptive,m075-c125,single-mode-per-order,0,105,True,92255.40402614199,20691.435799999996,0.0,0,2400
adaptive,m075-c125,single-mode-per-order,0,106,True,90257.65081835199,20049.964799999994,0.0,0,2400
adaptive,m075-c125,single-mode-per-order,0,107,True,90585.504785513,20282.523699999994,0.0,0,2400
adaptive,m075-c125,multimodal-enabled,0,100,True,91057.51258416197,20371.1338,0.0,0,2400
adaptive,m075-c125,multimodal-enabled,0,101,True,89727.42274582101,19191.192899999995,0.0,0,2400
adaptive,m075-c125,multimodal-enabled,0,102,True,89693.65274839601,19569.060399999995,0.0,0,2400
adaptive,m075-c125,multimodal-enabled,0,103,True,88182.24576888648,19826.89885,0.0,0,2400
adaptive,m075-c125,multimodal-enabled,0,104,True,89755.86180435799,19953.014199999998,0.0,0,2400
adaptive,m075-c125,multimodal-enabled,0,105,True,90331.0705841655,20372.09595,0.0,0,2400
adaptive,m075-c125,multimodal-enabled,0,106,True,88306.6098419675,19641.865749999997,0.0,0,2400
adaptive,m075-c125,multimodal-enabled,0,107,True,90339.68367532699,19769.892299999996,0.0,0,2400
adaptive,m100-c150,single-mode-per-order,0,100,True,90602.14994180799,19915.519199999995,0.0,0,2400
adaptive,m100-c150,single-mode-per-order,0,101,True,91308.29724450698,20397.474299999998,0.0,0,2400
adaptive,m100-c150,single-mode-per-order,0,102,True,90332.31631361299,20452.2137,0.0,0,2400
adaptive,m100-c150,single-mode-per-order,0,103,True,91636.30119810901,19997.664099999995,0.0,0,2400
adaptive,m100-c150,single-mode-per-order,0,104,True,90494.6671317695,20218.435549999995,0.0,0,2400
adaptive,m100-c150,single-mode-per-order,0,105,True,90096.97797467148,20232.195349999995,0.0,0,2400
adaptive,m100-c150,single-mode-per-order,0,106,True,90872.4321987625,20124.811249999995,0.0,0,2400
adaptive,m100-c150,single-mode-per-order,0,107,True,90004.84233891951,20188.97054999999,0.0,0,2400
adaptive,m100-c150,multimodal-enabled,0,100,True,91324.8702308075,20003.98175,0.0,0,2400
adaptive,m100-c150,multimodal-enabled,0,101,True,89549.01675200397,19745.8996,0.0,0,2400
adaptive,m100-c150,multimodal-enabled,0,102,True,89772.63256061799,19573.8882,0.0,0,2400
adaptive,m100-c150,multimodal-enabled,0,103,True,90180.25502892949,19705.219549999998,0.0,0,2400
adaptive,m100-c150,multimodal-enabled,0,104,True,90765.6888402955,19499.732949999998,0.0,0,2400
adaptive,m100-c150,multimodal-enabled,0,105,True,89861.3336804165,19981.495849999992,0.0,0,2400
adaptive,m100-c150,multimodal-enabled,0,106,True,90441.791119477,20464.227299999995,0.0,0,2400
adaptive,m100-c150,multimodal-enabled,0,107,True,90919.21807444199,19999.1058,0.0,0,2400
adaptive,m100-c200,single-mode-per-order,0,100,True,91137.59292683148,19770.979349999998,0.0,0,2400
adaptive,m100-c200,single-mode-per-order,0,101,True,91357.56466312747,20351.24975,0.0,0,2400
adaptive,m100-c200,single-mode-per-order,0,102,True,92157.02477170851,20110.166649999992,0.0,0,2400
adaptive,m100-c200,single-mode-per-order,0,103,True,91402.4662760175,20269.710749999995,0.0,0,2400
adaptive,m100-c200,single-mode-per-order,0,104,True,91139.6136051775,19470.79475,0.0,0,2400
adaptive,m100-c200,single-mode-per-order,0,105,True,91263.44976572049,20141.56545,0.0,0,2400
adaptive,m100-c200,single-mode-per-order,0,106,True,90249.71756864148,20114.548349999994,0.0,0,2400
adaptive,m100-c200,single-mode-per-order,0,107,True,90948.37893958097,20555.816899999998,0.0,0,2400
adaptive,m100-c200,multimodal-enabled,0,100,True,90778.61358425701,19352.249299999992,0.0,0,2400
adaptive,m100-c200,multimodal-enabled,0,101,True,92757.00632483698,20725.191300000002,0.0,0,2400
adaptive,m100-c200,multimodal-enabled,0,102,True,89861.1013833725,19989.10025,0.0,0,2400
adaptive,m100-c200,multimodal-enabled,0,103,True,90754.8680325005,19321.88745,0.0,0,2400
adaptive,m100-c200,multimodal-enabled,0,104,True,89374.527281123,19733.2127,0.0,0,2400
adaptive,m100-c200,multimodal-enabled,0,105,True,89462.45507234,19433.766,0.0,0,2400
adaptive,m100-c200,multimodal-enabled,0,106,True,90904.5271009935,20558.113149999994,0.0,0,2400
adaptive,m100-c200,multimodal-enabled,0,107,True,90210.26462847699,19973.3273,0.0,0,2400
adaptive,m125-c200,single-mode-per-order,0,100,True,92613.34273975999,20755.024,0.0,0,2400
adaptive,m125-c200,single-mode-per-order,0,101,True,91677.529097864,19977.813599999998,0.0,0,2400
adaptive,m125-c200,single-mode-per-order,0,102,True,91888.43510839599,20183.0604,0.0,0,2400
adaptive,m125-c200,single-mode-per-order,0,103,True,92480.104526028,20160.0972,0.0,0,2400
adaptive,m125-c200,single-mode-per-order,0,104,True,91850.628337114,19512.6386,0.0,0,2400
adaptive,m125-c200,single-mode-per-order,0,105,True,92125.61137588401,20740.511599999994,0.0,0,2400
adaptive,m125-c200,single-mode-per-order,0,106,True,91261.18756289448,19594.698049999995,0.0,0,2400
adaptive,m125-c200,single-mode-per-order,0,107,True,91810.94872150096,20623.124899999995,0.0,0,2400
adaptive,m125-c200,multimodal-enabled,0,100,True,90669.082950089,19871.966099999994,0.0,0,2400
adaptive,m125-c200,multimodal-enabled,0,101,True,92300.33063282899,19809.6921,0.0,0,2400
adaptive,m125-c200,multimodal-enabled,0,102,True,91910.1170805315,20338.109349999995,0.0,0,2400
adaptive,m125-c200,multimodal-enabled,0,103,True,89846.9341357805,19056.059449999997,0.0,0,2400
adaptive,m125-c200,multimodal-enabled,0,104,True,89220.511877545,19744.620499999997,0.0,0,2400
adaptive,m125-c200,multimodal-enabled,0,105,True,89197.902967708,19505.4292,0.0,0,2400
adaptive,m125-c200,multimodal-enabled,0,106,True,90176.1327973925,19705.698249999998,0.0,0,2400
adaptive,m125-c200,multimodal-enabled,0,107,True,89986.12535565549,19844.696949999994,0.0,0,2400
adaptive,m125-c250,single-mode-per-order,0,100,True,92700.98096614299,19802.710699999996,0.0,0,2400
adaptive,m125-c250,single-mode-per-order,0,101,True,92339.77218581799,19946.3682,0.0,0,2400
adaptive,m125-c250,single-mode-per-order,0,102,True,91887.71296724798,20301.475199999997,0.0,0,2400
adaptive,m125-c250,single-mode-per-order,0,103,True,92480.104526028,20160.0972,0.0,0,2400
adaptive,m125-c250,single-mode-per-order,0,104,True,91708.27924251197,19486.548799999997,0.0,0,2400
adaptive,m125-c250,single-mode-per-order,0,105,True,91742.304811082,20896.441799999997,0.0,0,2400
adaptive,m125-c250,single-mode-per-order,0,106,True,91754.91569994848,20360.842650000002,0.0,0,2400
adaptive,m125-c250,single-mode-per-order,0,107,True,91810.94872150096,20623.124899999995,0.0,0,2400
adaptive,m125-c250,multimodal-enabled,0,100,True,91756.999391396,20124.760399999996,0.0,0,2400
adaptive,m125-c250,multimodal-enabled,0,101,True,92300.33063282899,19809.6921,0.0,0,2400
adaptive,m125-c250,multimodal-enabled,0,102,True,91910.1170805315,20338.109349999995,0.0,0,2400
adaptive,m125-c250,multimodal-enabled,0,103,True,90008.58996114199,19950.4358,0.0,0,2400
adaptive,m125-c250,multimodal-enabled,0,104,True,90268.521446191,19625.405899999998,0.0,0,2400
adaptive,m125-c250,multimodal-enabled,0,105,True,89138.58303759349,19986.953149999994,0.0,0,2400
adaptive,m125-c250,multimodal-enabled,0,106,True,90176.1327973925,19705.698249999998,0.0,0,2400
adaptive,m125-c250,multimodal-enabled,0,107,True,89770.72330593849,19827.493649999997,0.0,0,2400
adaptive,m125-c300-current,single-mode-per-order,0,100,True,92700.98096614299,19802.710699999996,0.0,0,2400
adaptive,m125-c300-current,single-mode-per-order,0,101,True,92339.77218581799,19946.3682,0.0,0,2400
adaptive,m125-c300-current,single-mode-per-order,0,102,True,91887.71296724798,20301.475199999997,0.0,0,2400
adaptive,m125-c300-current,single-mode-per-order,0,103,True,92480.104526028,20160.0972,0.0,0,2400
adaptive,m125-c300-current,single-mode-per-order,0,104,True,91708.27924251197,19486.548799999997,0.0,0,2400
adaptive,m125-c300-current,single-mode-per-order,0,105,True,91742.304811082,20896.441799999997,0.0,0,2400
adaptive,m125-c300-current,single-mode-per-order,0,106,True,91754.91569994848,20360.842650000002,0.0,0,2400
adaptive,m125-c300-current,single-mode-per-order,0,107,True,91810.94872150096,20623.124899999995,0.0,0,2400
adaptive,m125-c300-current,multimodal-enabled,0,100,True,91756.999391396,20124.760399999996,0.0,0,2400
adaptive,m125-c300-current,multimodal-enabled,0,101,True,92300.33063282899,19809.6921,0.0,0,2400
adaptive,m125-c300-current,multimodal-enabled,0,102,True,91910.1170805315,20338.109349999995,0.0,0,2400
adaptive,m125-c300-current,multimodal-enabled,0,103,True,90008.58996114199,19950.4358,0.0,0,2400
adaptive,m125-c300-current,multimodal-enabled,0,104,True,90268.521446191,19625.405899999998,0.0,0,2400
adaptive,m125-c300-current,multimodal-enabled,0,105,True,89138.58303759349,19986.953149999994,0.0,0,2400
adaptive,m125-c300-current,multimodal-enabled,0,106,True,90176.1327973925,19705.698249999998,0.0,0,2400
adaptive,m125-c300-current,multimodal-enabled,0,107,True,89770.72330593849,19827.493649999997,0.0,0,2400
adaptive,m150-c300,single-mode-per-order,0,100,True,91982.8342101935,20549.693149999996,0.0,0,2400
adaptive,m150-c300,single-mode-per-order,0,101,True,92237.58423374347,20141.088149999996,0.0,0,2400
adaptive,m150-c300,single-mode-per-order,0,102,True,91951.71846794801,20448.9052,0.0,0,2400
adaptive,m150-c300,single-mode-per-order,0,103,True,93298.6021367145,20097.81604999999,0.0,0,2400
adaptive,m150-c300,single-mode-per-order,0,104,True,92408.4896806595,20958.296549999995,0.0,0,2400
adaptive,m150-c300,single-mode-per-order,0,105,True,91720.83528740799,20365.959199999998,0.0,0,2400
adaptive,m150-c300,single-mode-per-order,0,106,True,92975.736057308,20503.969199999996,0.0,0,2400
adaptive,m150-c300,single-mode-per-order,0,107,True,91418.06386280298,20267.044699999995,0.0,0,2400
adaptive,m150-c300,multimodal-enabled,0,100,True,91432.94300364699,20487.5603,0.0,0,2400
adaptive,m150-c300,multimodal-enabled,0,101,True,94186.98321591447,20157.396050000003,0.0,0,2400
adaptive,m150-c300,multimodal-enabled,0,102,True,90549.476323947,19763.030299999995,0.0,0,2400
adaptive,m150-c300,multimodal-enabled,0,103,True,92597.799238191,18548.7059,0.0,0,2400
adaptive,m150-c300,multimodal-enabled,0,104,True,92642.032790177,19929.657299999995,0.0,0,2400
adaptive,m150-c300,multimodal-enabled,0,105,True,90582.280769869,19584.488099999995,0.0,0,2400
adaptive,m150-c300,multimodal-enabled,0,106,True,91973.23711274099,20112.500900000003,0.0,0,2400
adaptive,m150-c300,multimodal-enabled,0,107,True,91484.803497565,20363.118499999993,0.0,0,2400
catastrophe,p4-r10,single-mode-per-order,0,100,True,91394.773721419,19998.083099999996,0.0,2,2400
catastrophe,p4-r10,single-mode-per-order,0,101,True,90950.661311329,20061.842099999994,0.0,1,2400
catastrophe,p4-r10,single-mode-per-order,0,102,True,91391.09399159199,20233.6408,0.0,0,2400
catastrophe,p4-r10,single-mode-per-order,0,103,True,92163.70197967548,20987.794949999996,0.0,0,2400
catastrophe,p4-r10,single-mode-per-order,0,104,True,90985.01977351849,20205.23565,0.0,1,2400
catastrophe,p4-r10,single-mode-per-order,0,105,True,91242.83607598301,20107.726699999996,0.0,1,2400
catastrophe,p4-r10,single-mode-per-order,0,106,True,90871.90272231749,19605.08075,0.0,2,2400
catastrophe,p4-r10,single-mode-per-order,0,107,True,90575.21402455399,20219.894599999996,0.0,1,2400
catastrophe,p4-r10,multimodal-enabled,0,100,True,90121.650180523,20065.772699999998,0.0,0,2400
catastrophe,p4-r10,multimodal-enabled,0,101,True,91747.3956098755,20279.77495,0.0,1,2400
catastrophe,p4-r10,multimodal-enabled,0,102,True,90928.12923970749,19155.59175,0.0,0,2400
catastrophe,p4-r10,multimodal-enabled,0,103,True,91831.5950953,20342.969999999998,0.0,3,2400
catastrophe,p4-r10,multimodal-enabled,0,104,True,90375.47824484449,19332.753049999996,0.0,1,2400
catastrophe,p4-r10,multimodal-enabled,0,105,True,89643.52207089099,19772.935900000004,0.0,0,2400
catastrophe,p4-r10,multimodal-enabled,0,106,True,89459.56939031299,19807.0437,0.0,2,2400
catastrophe,p4-r10,multimodal-enabled,0,107,True,88691.1517016,19889.839999999997,0.0,0,2400
catastrophe,p4-r25,single-mode-per-order,0,100,True,91394.773721419,19998.083099999996,0.0,2,2400
catastrophe,p4-r25,single-mode-per-order,0,101,True,90950.661311329,20061.842099999994,0.0,1,2400
catastrophe,p4-r25,single-mode-per-order,0,102,True,91391.09399159199,20233.6408,0.0,0,2400
catastrophe,p4-r25,single-mode-per-order,0,103,True,92163.70197967548,20987.794949999996,0.0,0,2400
catastrophe,p4-r25,single-mode-per-order,0,104,True,90985.01977351849,20205.23565,0.0,1,2400
catastrophe,p4-r25,single-mode-per-order,0,105,True,91242.83607598301,20107.726699999996,0.0,1,2400
catastrophe,p4-r25,single-mode-per-order,0,106,True,90871.90272231749,19605.08075,0.0,2,2400
catastrophe,p4-r25,single-mode-per-order,0,107,True,90575.21402455399,20219.894599999996,0.0,1,2400
catastrophe,p4-r25,multimodal-enabled,0,100,True,90121.650180523,20065.772699999998,0.0,0,2400
catastrophe,p4-r25,multimodal-enabled,0,101,True,91747.3956098755,20279.77495,0.0,1,2400
catastrophe,p4-r25,multimodal-enabled,0,102,True,90928.12923970749,19155.59175,0.0,0,2400
catastrophe,p4-r25,multimodal-enabled,0,103,True,91831.5950953,20342.969999999998,0.0,3,2400
catastrophe,p4-r25,multimodal-enabled,0,104,True,90375.47824484449,19332.753049999996,0.0,1,2400
catastrophe,p4-r25,multimodal-enabled,0,105,True,89643.52207089099,19772.935900000004,0.0,0,2400
catastrophe,p4-r25,multimodal-enabled,0,106,True,89459.56939031299,19807.0437,0.0,2,2400
catastrophe,p4-r25,multimodal-enabled,0,107,True,88691.1517016,19889.839999999997,0.0,0,2400
catastrophe,p4-r50,single-mode-per-order,0,100,True,91394.773721419,19998.083099999996,0.0,2,2400
catastrophe,p4-r50,single-mode-per-order,0,101,True,90950.661311329,20061.842099999994,0.0,1,2400
catastrophe,p4-r50,single-mode-per-order,0,102,True,91391.09399159199,20233.6408,0.0,0,2400
catastrophe,p4-r50,single-mode-per-order,0,103,True,92163.70197967548,20987.794949999996,0.0,0,2400
catastrophe,p4-r50,single-mode-per-order,0,104,True,90985.01977351849,20205.23565,0.0,1,2400
catastrophe,p4-r50,single-mode-per-order,0,105,True,91242.83607598301,20107.726699999996,0.0,1,2400
catastrophe,p4-r50,single-mode-per-order,0,106,True,90871.90272231749,19605.08075,0.0,2,2400
catastrophe,p4-r50,single-mode-per-order,0,107,True,90575.21402455399,20219.894599999996,0.0,1,2400
catastrophe,p4-r50,multimodal-enabled,0,100,True,90121.650180523,20065.772699999998,0.0,0,2400
catastrophe,p4-r50,multimodal-enabled,0,101,True,91747.3956098755,20279.77495,0.0,1,2400
catastrophe,p4-r50,multimodal-enabled,0,102,True,90928.12923970749,19155.59175,0.0,0,2400
catastrophe,p4-r50,multimodal-enabled,0,103,True,91831.5950953,20342.969999999998,0.0,3,2400
catastrophe,p4-r50,multimodal-enabled,0,104,True,90375.47824484449,19332.753049999996,0.0,1,2400
catastrophe,p4-r50,multimodal-enabled,0,105,True,89643.52207089099,19772.935900000004,0.0,0,2400
catastrophe,p4-r50,multimodal-enabled,0,106,True,89459.56939031299,19807.0437,0.0,2,2400
catastrophe,p4-r50,multimodal-enabled,0,107,True,88691.1517016,19889.839999999997,0.0,0,2400
catastrophe,p8-r10,single-mode-per-order,0,100,True,90978.31097989599,20363.4104,0.0,0,2400
catastrophe,p8-r10,single-mode-per-order,0,101,True,91302.43231065098,20075.459899999994,0.0,0,2400
catastrophe,p8-r10,single-mode-per-order,0,102,True,91391.09399159199,20233.6408,0.0,0,2400
catastrophe,p8-r10,single-mode-per-order,0,103,True,92163.70197967548,20987.794949999996,0.0,0,2400
catastrophe,p8-r10,single-mode-per-order,0,104,True,90985.01977351849,20205.23565,0.0,0,2400
catastrophe,p8-r10,single-mode-per-order,0,105,True,91210.52197642301,20138.682699999994,0.0,0,2400
catastrophe,p8-r10,single-mode-per-order,0,106,True,91353.8052915075,19455.411749999996,0.0,1,2400
catastrophe,p8-r10,single-mode-per-order,0,107,True,90171.56405719399,20192.630599999993,0.0,0,2400
catastrophe,p8-r10,multimodal-enabled,0,100,True,90121.650180523,20065.772699999998,0.0,0,2400
catastrophe,p8-r10,multimodal-enabled,0,101,True,90955.13661232649,19976.05485,0.0,0,2400
catastrophe,p8-r10,multimodal-enabled,0,102,True,90928.12923970749,19155.59175,0.0,0,2400
catastrophe,p8-r10,multimodal-enabled,0,103,True,90419.594165716,19715.3284,0.0,0,2400
catastrophe,p8-r10,multimodal-enabled,0,104,True,90215.5181307935,19330.133149999998,0.0,0,2400
catastrophe,p8-r10,multimodal-enabled,0,105,True,89643.52207089099,19772.935900000004,0.0,0,2400
catastrophe,p8-r10,multimodal-enabled,0,106,True,89544.29609939501,19608.685499999996,0.0,0,2400
catastrophe,p8-r10,multimodal-enabled,0,107,True,88691.1517016,19889.839999999997,0.0,0,2400
catastrophe,p8-r25,single-mode-per-order,0,100,True,90978.31097989599,20363.4104,0.0,0,2400
catastrophe,p8-r25,single-mode-per-order,0,101,True,91302.43231065098,20075.459899999994,0.0,0,2400
catastrophe,p8-r25,single-mode-per-order,0,102,True,91391.09399159199,20233.6408,0.0,0,2400
catastrophe,p8-r25,single-mode-per-order,0,103,True,92163.70197967548,20987.794949999996,0.0,0,2400
catastrophe,p8-r25,single-mode-per-order,0,104,True,90985.01977351849,20205.23565,0.0,0,2400
catastrophe,p8-r25,single-mode-per-order,0,105,True,91210.52197642301,20138.682699999994,0.0,0,2400
catastrophe,p8-r25,single-mode-per-order,0,106,True,91353.8052915075,19455.411749999996,0.0,1,2400
catastrophe,p8-r25,single-mode-per-order,0,107,True,90171.56405719399,20192.630599999993,0.0,0,2400
catastrophe,p8-r25,multimodal-enabled,0,100,True,90121.650180523,20065.772699999998,0.0,0,2400
catastrophe,p8-r25,multimodal-enabled,0,101,True,90955.13661232649,19976.05485,0.0,0,2400
catastrophe,p8-r25,multimodal-enabled,0,102,True,90928.12923970749,19155.59175,0.0,0,2400
catastrophe,p8-r25,multimodal-enabled,0,103,True,90419.594165716,19715.3284,0.0,0,2400
catastrophe,p8-r25,multimodal-enabled,0,104,True,90215.5181307935,19330.133149999998,0.0,0,2400
catastrophe,p8-r25,multimodal-enabled,0,105,True,89643.52207089099,19772.935900000004,0.0,0,2400
catastrophe,p8-r25,multimodal-enabled,0,106,True,89544.29609939501,19608.685499999996,0.0,0,2400
catastrophe,p8-r25,multimodal-enabled,0,107,True,88691.1517016,19889.839999999997,0.0,0,2400
catastrophe,p8-r50,single-mode-per-order,0,100,True,90978.31097989599,20363.4104,0.0,0,2400
catastrophe,p8-r50,single-mode-per-order,0,101,True,91302.43231065098,20075.459899999994,0.0,0,2400
catastrophe,p8-r50,single-mode-per-order,0,102,True,91391.09399159199,20233.6408,0.0,0,2400
catastrophe,p8-r50,single-mode-per-order,0,103,True,92163.70197967548,20987.794949999996,0.0,0,2400
catastrophe,p8-r50,single-mode-per-order,0,104,True,90985.01977351849,20205.23565,0.0,0,2400
catastrophe,p8-r50,single-mode-per-order,0,105,True,91210.52197642301,20138.682699999994,0.0,0,2400
catastrophe,p8-r50,single-mode-per-order,0,106,True,91353.8052915075,19455.411749999996,0.0,1,2400
catastrophe,p8-r50,single-mode-per-order,0,107,True,90171.56405719399,20192.630599999993,0.0,0,2400
catastrophe,p8-r50,multimodal-enabled,0,100,True,90121.650180523,20065.772699999998,0.0,0,2400
catastrophe,p8-r50,multimodal-enabled,0,101,True,90955.13661232649,19976.05485,0.0,0,2400
catastrophe,p8-r50,multimodal-enabled,0,102,True,90928.12923970749,19155.59175,0.0,0,2400
catastrophe,p8-r50,multimodal-enabled,0,103,True,90419.594165716,19715.3284,0.0,0,2400
catastrophe,p8-r50,multimodal-enabled,0,104,True,90215.5181307935,19330.133149999998,0.0,0,2400
catastrophe,p8-r50,multimodal-enabled,0,105,True,89643.52207089099,19772.935900000004,0.0,0,2400
catastrophe,p8-r50,multimodal-enabled,0,106,True,89544.29609939501,19608.685499999996,0.0,0,2400
catastrophe,p8-r50,multimodal-enabled,0,107,True,88691.1517016,19889.839999999997,0.0,0,2400
catastrophe,p12-r10,single-mode-per-order,0,100,True,90978.31097989599,20363.4104,0.0,0,2400
catastrophe,p12-r10,single-mode-per-order,0,101,True,91302.43231065098,20075.459899999994,0.0,0,2400
catastrophe,p12-r10,single-mode-per-order,0,102,True,91391.09399159199,20233.6408,0.0,0,2400
catastrophe,p12-r10,single-mode-per-order,0,103,True,92163.70197967548,20987.794949999996,0.0,0,2400
catastrophe,p12-r10,single-mode-per-order,0,104,True,90985.01977351849,20205.23565,0.0,0,2400
catastrophe,p12-r10,single-mode-per-order,0,105,True,91210.52197642301,20138.682699999994,0.0,0,2400
catastrophe,p12-r10,single-mode-per-order,0,106,True,90752.8979831495,19412.79755,0.0,0,2400
catastrophe,p12-r10,single-mode-per-order,0,107,True,90171.56405719399,20192.630599999993,0.0,0,2400
catastrophe,p12-r10,multimodal-enabled,0,100,True,90121.650180523,20065.772699999998,0.0,0,2400
catastrophe,p12-r10,multimodal-enabled,0,101,True,90955.13661232649,19976.05485,0.0,0,2400
catastrophe,p12-r10,multimodal-enabled,0,102,True,90928.12923970749,19155.59175,0.0,0,2400
catastrophe,p12-r10,multimodal-enabled,0,103,True,90419.594165716,19715.3284,0.0,0,2400
catastrophe,p12-r10,multimodal-enabled,0,104,True,90215.5181307935,19330.133149999998,0.0,0,2400
catastrophe,p12-r10,multimodal-enabled,0,105,True,89643.52207089099,19772.935900000004,0.0,0,2400
catastrophe,p12-r10,multimodal-enabled,0,106,True,89544.29609939501,19608.685499999996,0.0,0,2400
catastrophe,p12-r10,multimodal-enabled,0,107,True,88691.1517016,19889.839999999997,0.0,0,2400
catastrophe,p12-r25,single-mode-per-order,0,100,True,90978.31097989599,20363.4104,0.0,0,2400
catastrophe,p12-r25,single-mode-per-order,0,101,True,91302.43231065098,20075.459899999994,0.0,0,2400
catastrophe,p12-r25,single-mode-per-order,0,102,True,91391.09399159199,20233.6408,0.0,0,2400
catastrophe,p12-r25,single-mode-per-order,0,103,True,92163.70197967548,20987.794949999996,0.0,0,2400
catastrophe,p12-r25,single-mode-per-order,0,104,True,90985.01977351849,20205.23565,0.0,0,2400
catastrophe,p12-r25,single-mode-per-order,0,105,True,91210.52197642301,20138.682699999994,0.0,0,2400
catastrophe,p12-r25,single-mode-per-order,0,106,True,90752.8979831495,19412.79755,0.0,0,2400
catastrophe,p12-r25,single-mode-per-order,0,107,True,90171.56405719399,20192.630599999993,0.0,0,2400
catastrophe,p12-r25,multimodal-enabled,0,100,True,90121.650180523,20065.772699999998,0.0,0,2400
catastrophe,p12-r25,multimodal-enabled,0,101,True,90955.13661232649,19976.05485,0.0,0,2400
catastrophe,p12-r25,multimodal-enabled,0,102,True,90928.12923970749,19155.59175,0.0,0,2400
catastrophe,p12-r25,multimodal-enabled,0,103,True,90419.594165716,19715.3284,0.0,0,2400
catastrophe,p12-r25,multimodal-enabled,0,104,True,90215.5181307935,19330.133149999998,0.0,0,2400
catastrophe,p12-r25,multimodal-enabled,0,105,True,89643.52207089099,19772.935900000004,0.0,0,2400
catastrophe,p12-r25,multimodal-enabled,0,106,True,89544.29609939501,19608.685499999996,0.0,0,2400
catastrophe,p12-r25,multimodal-enabled,0,107,True,88691.1517016,19889.839999999997,0.0,0,2400
catastrophe,p12-r50,single-mode-per-order,0,100,True,90978.31097989599,20363.4104,0.0,0,2400
catastrophe,p12-r50,single-mode-per-order,0,101,True,91302.43231065098,20075.459899999994,0.0,0,2400
catastrophe,p12-r50,single-mode-per-order,0,102,True,91391.09399159199,20233.6408,0.0,0,2400
catastrophe,p12-r50,single-mode-per-order,0,103,True,92163.70197967548,20987.794949999996,0.0,0,2400
catastrophe,p12-r50,single-mode-per-order,0,104,True,90985.01977351849,20205.23565,0.0,0,2400
catastrophe,p12-r50,single-mode-per-order,0,105,True,91210.52197642301,20138.682699999994,0.0,0,2400
catastrophe,p12-r50,single-mode-per-order,0,106,True,90752.8979831495,19412.79755,0.0,0,2400
catastrophe,p12-r50,single-mode-per-order,0,107,True,90171.56405719399,20192.630599999993,0.0,0,2400
catastrophe,p12-r50,multimodal-enabled,0,100,True,90121.650180523,20065.772699999998,0.0,0,2400
catastrophe,p12-r50,multimodal-enabled,0,101,True,90955.13661232649,19976.05485,0.0,0,2400
catastrophe,p12-r50,multimodal-enabled,0,102,True,90928.12923970749,19155.59175,0.0,0,2400
catastrophe,p12-r50,multimodal-enabled,0,103,True,90419.594165716,19715.3284,0.0,0,2400
catastrophe,p12-r50,multimodal-enabled,0,104,True,90215.5181307935,19330.133149999998,0.0,0,2400
catastrophe,p12-r50,multimodal-enabled,0,105,True,89643.52207089099,19772.935900000004,0.0,0,2400
catastrophe,p12-r50,multimodal-enabled,0,106,True,89544.29609939501,19608.685499999996,0.0,0,2400
catastrophe,p12-r50,multimodal-enabled,0,107,True,88691.1517016,19889.839999999997,0.0,0,2400
catastrophe,p20-r25,single-mode-per-order,0,100,True,90978.31097989599,20363.4104,0.0,0,2400
catastrophe,p20-r25,single-mode-per-order,0,101,True,91302.43231065098,20075.459899999994,0.0,0,2400
catastrophe,p20-r25,single-mode-per-order,0,102,True,91391.09399159199,20233.6408,0.0,0,2400
catastrophe,p20-r25,single-mode-per-order,0,103,True,92163.70197967548,20987.794949999996,0.0,0,2400
catastrophe,p20-r25,single-mode-per-order,0,104,True,90985.01977351849,20205.23565,0.0,0,2400
catastrophe,p20-r25,single-mode-per-order,0,105,True,91210.52197642301,20138.682699999994,0.0,0,2400
catastrophe,p20-r25,single-mode-per-order,0,106,True,90752.8979831495,19412.79755,0.0,0,2400
catastrophe,p20-r25,single-mode-per-order,0,107,True,90171.56405719399,20192.630599999993,0.0,0,2400
catastrophe,p20-r25,multimodal-enabled,0,100,True,90121.650180523,20065.772699999998,0.0,0,2400
catastrophe,p20-r25,multimodal-enabled,0,101,True,90955.13661232649,19976.05485,0.0,0,2400
catastrophe,p20-r25,multimodal-enabled,0,102,True,90928.12923970749,19155.59175,0.0,0,2400
catastrophe,p20-r25,multimodal-enabled,0,103,True,90419.594165716,19715.3284,0.0,0,2400
catastrophe,p20-r25,multimodal-enabled,0,104,True,90215.5181307935,19330.133149999998,0.0,0,2400
catastrophe,p20-r25,multimodal-enabled,0,105,True,89643.52207089099,19772.935900000004,0.0,0,2400
catastrophe,p20-r25,multimodal-enabled,0,106,True,89544.29609939501,19608.685499999996,0.0,0,2400
catastrophe,p20-r25,multimodal-enabled,0,107,True,88691.1517016,19889.839999999997,0.0,0,2400
combined,m075-c125-p12-r10,single-mode-per-order,0,100,True,90972.14521880598,20344.769399999994,0.0,0,2400
combined,m075-c125-p12-r10,single-mode-per-order,0,101,True,91126.3675875935,20579.453149999994,0.0,0,2400
combined,m075-c125-p12-r10,single-mode-per-order,0,102,True,91931.2677533855,20260.67395,0.0,1,2400
combined,m075-c125-p12-r10,single-mode-per-order,0,103,True,90795.048773456,20333.054399999994,0.0,0,2400
combined,m075-c125-p12-r10,single-mode-per-order,0,104,True,91514.5152899855,19867.013949999997,0.0,0,2400
combined,m075-c125-p12-r10,single-mode-per-order,0,105,True,91522.1775121975,20205.592749999996,0.0,0,2400
combined,m075-c125-p12-r10,single-mode-per-order,0,106,True,90795.4825760135,19551.111149999997,0.0,0,2400
combined,m075-c125-p12-r10,single-mode-per-order,0,107,True,89782.921741358,20169.314199999993,0.0,0,2400
combined,m075-c125-p12-r10,multimodal-enabled,0,100,True,91491.63540724,19855.275999999994,0.0,0,2400
combined,m075-c125-p12-r10,multimodal-enabled,0,101,True,91277.00661189099,18816.335900000002,0.0,0,2400
combined,m075-c125-p12-r10,multimodal-enabled,0,102,True,90249.43609294349,19735.16815,0.0,0,2400
combined,m075-c125-p12-r10,multimodal-enabled,0,103,True,89160.15188942601,19788.207399999996,0.0,0,2400
combined,m075-c125-p12-r10,multimodal-enabled,0,104,True,89141.1038744315,19881.21935,0.0,0,2400
combined,m075-c125-p12-r10,multimodal-enabled,0,105,True,89639.17258406049,19795.73145,0.0,0,2400
combined,m075-c125-p12-r10,multimodal-enabled,0,106,True,89719.8428979295,19725.81955,0.0,0,2400
combined,m075-c125-p12-r10,multimodal-enabled,0,107,True,91054.0709064605,19670.991449999998,0.0,0,2400
combined,m075-c125-p12-r25,single-mode-per-order,0,100,True,90972.14521880598,20344.769399999994,0.0,0,2400
combined,m075-c125-p12-r25,single-mode-per-order,0,101,True,91126.3675875935,20579.453149999994,0.0,0,2400
combined,m075-c125-p12-r25,single-mode-per-order,0,102,True,91931.2677533855,20260.67395,0.0,1,2400
combined,m075-c125-p12-r25,single-mode-per-order,0,103,True,90795.048773456,20333.054399999994,0.0,0,2400
combined,m075-c125-p12-r25,single-mode-per-order,0,104,True,91514.5152899855,19867.013949999997,0.0,0,2400
combined,m075-c125-p12-r25,single-mode-per-order,0,105,True,91522.1775121975,20205.592749999996,0.0,0,2400
combined,m075-c125-p12-r25,single-mode-per-order,0,106,True,90795.4825760135,19551.111149999997,0.0,0,2400
combined,m075-c125-p12-r25,single-mode-per-order,0,107,True,89782.921741358,20169.314199999993,0.0,0,2400
combined,m075-c125-p12-r25,multimodal-enabled,0,100,True,91491.63540724,19855.275999999994,0.0,0,2400
combined,m075-c125-p12-r25,multimodal-enabled,0,101,True,91277.00661189099,18816.335900000002,0.0,0,2400
combined,m075-c125-p12-r25,multimodal-enabled,0,102,True,90249.43609294349,19735.16815,0.0,0,2400
combined,m075-c125-p12-r25,multimodal-enabled,0,103,True,89160.15188942601,19788.207399999996,0.0,0,2400
combined,m075-c125-p12-r25,multimodal-enabled,0,104,True,89141.1038744315,19881.21935,0.0,0,2400
combined,m075-c125-p12-r25,multimodal-enabled,0,105,True,89639.17258406049,19795.73145,0.0,0,2400
combined,m075-c125-p12-r25,multimodal-enabled,0,106,True,89719.8428979295,19725.81955,0.0,0,2400
combined,m075-c125-p12-r25,multimodal-enabled,0,107,True,91054.0709064605,19670.991449999998,0.0,0,2400
combined,m075-c125-p12-r50,single-mode-per-order,0,100,True,90972.14521880598,20344.769399999994,0.0,0,2400
combined,m075-c125-p12-r50,single-mode-per-order,0,101,True,91126.3675875935,20579.453149999994,0.0,0,2400
combined,m075-c125-p12-r50,single-mode-per-order,0,102,True,91931.2677533855,20260.67395,0.0,1,2400
combined,m075-c125-p12-r50,single-mode-per-order,0,103,True,90795.048773456,20333.054399999994,0.0,0,2400
combined,m075-c125-p12-r50,single-mode-per-order,0,104,True,91514.5152899855,19867.013949999997,0.0,0,2400
combined,m075-c125-p12-r50,single-mode-per-order,0,105,True,91522.1775121975,20205.592749999996,0.0,0,2400
combined,m075-c125-p12-r50,single-mode-per-order,0,106,True,90795.4825760135,19551.111149999997,0.0,0,2400
combined,m075-c125-p12-r50,single-mode-per-order,0,107,True,89782.921741358,20169.314199999993,0.0,0,2400
combined,m075-c125-p12-r50,multimodal-enabled,0,100,True,91491.63540724,19855.275999999994,0.0,0,2400
combined,m075-c125-p12-r50,multimodal-enabled,0,101,True,91277.00661189099,18816.335900000002,0.0,0,2400
combined,m075-c125-p12-r50,multimodal-enabled,0,102,True,90249.43609294349,19735.16815,0.0,0,2400
combined,m075-c125-p12-r50,multimodal-enabled,0,103,True,89160.15188942601,19788.207399999996,0.0,0,2400
combined,m075-c125-p12-r50,multimodal-enabled,0,104,True,89141.1038744315,19881.21935,0.0,0,2400
combined,m075-c125-p12-r50,multimodal-enabled,0,105,True,89639.17258406049,19795.73145,0.0,0,2400
combined,m075-c125-p12-r50,multimodal-enabled,0,106,True,89719.8428979295,19725.81955,0.0,0,2400
combined,m075-c125-p12-r50,multimodal-enabled,0,107,True,91054.0709064605,19670.991449999998,0.0,0,2400
combined,m100-c150-p12-r10,single-mode-per-order,0,100,True,91806.58485150497,19453.724499999997,0.0,0,2400
combined,m100-c150-p12-r10,single-mode-per-order,0,101,True,92846.2847672785,20044.85965,0.0,0,2400
combined,m100-c150-p12-r10,single-mode-per-order,0,102,True,90332.31631361299,20452.2137,0.0,0,2400
combined,m100-c150-p12-r10,single-mode-per-order,0,103,True,91195.53527333798,20150.616199999993,0.0,0,2400
combined,m100-c150-p12-r10,single-mode-per-order,0,104,True,91111.755411725,20203.202499999992,0.0,0,2400
combined,m100-c150-p12-r10,single-mode-per-order,0,105,True,90568.8543622505,20392.662449999996,0.0,0,2400
combined,m100-c150-p12-r10,single-mode-per-order,0,106,True,89738.7736897565,20059.061849999995,0.0,0,2400
combined,m100-c150-p12-r10,single-mode-per-order,0,107,True,90464.6109160625,20238.081249999996,0.0,0,2400
combined,m100-c150-p12-r10,multimodal-enabled,0,100,True,91324.8702308075,20003.98175,0.0,0,2400
combined,m100-c150-p12-r10,multimodal-enabled,0,101,True,90577.67119259149,19220.90335,0.0,0,2400
combined,m100-c150-p12-r10,multimodal-enabled,0,102,True,89981.44079651598,21022.248399999997,0.0,0,2400
combined,m100-c150-p12-r10,multimodal-enabled,0,103,True,90173.0823389255,19975.619949999997,0.0,0,2400
combined,m100-c150-p12-r10,multimodal-enabled,0,104,True,90359.61538144299,19421.180699999997,0.0,0,2400
combined,m100-c150-p12-r10,multimodal-enabled,0,105,True,89456.91923216249,19831.47125,0.0,0,2400
combined,m100-c150-p12-r10,multimodal-enabled,0,106,True,90418.4132596825,20131.71925,0.0,0,2400
combined,m100-c150-p12-r10,multimodal-enabled,0,107,True,89874.639499562,20717.0938,0.0,0,2400
combined,m100-c150-p12-r25,single-mode-per-order,0,100,True,91806.58485150497,19453.724499999997,0.0,0,2400
combined,m100-c150-p12-r25,single-mode-per-order,0,101,True,92846.2847672785,20044.85965,0.0,0,2400
combined,m100-c150-p12-r25,single-mode-per-order,0,102,True,90332.31631361299,20452.2137,0.0,0,2400
combined,m100-c150-p12-r25,single-mode-per-order,0,103,True,91195.53527333798,20150.616199999993,0.0,0,2400
combined,m100-c150-p12-r25,single-mode-per-order,0,104,True,91111.755411725,20203.202499999992,0.0,0,2400
combined,m100-c150-p12-r25,single-mode-per-order,0,105,True,90568.8543622505,20392.662449999996,0.0,0,2400
combined,m100-c150-p12-r25,single-mode-per-order,0,106,True,89738.7736897565,20059.061849999995,0.0,0,2400
combined,m100-c150-p12-r25,single-mode-per-order,0,107,True,90464.6109160625,20238.081249999996,0.0,0,2400
combined,m100-c150-p12-r25,multimodal-enabled,0,100,True,91324.8702308075,20003.98175,0.0,0,2400
combined,m100-c150-p12-r25,multimodal-enabled,0,101,True,90577.67119259149,19220.90335,0.0,0,2400
combined,m100-c150-p12-r25,multimodal-enabled,0,102,True,89981.44079651598,21022.248399999997,0.0,0,2400
combined,m100-c150-p12-r25,multimodal-enabled,0,103,True,90173.0823389255,19975.619949999997,0.0,0,2400
combined,m100-c150-p12-r25,multimodal-enabled,0,104,True,90359.61538144299,19421.180699999997,0.0,0,2400
combined,m100-c150-p12-r25,multimodal-enabled,0,105,True,89456.91923216249,19831.47125,0.0,0,2400
combined,m100-c150-p12-r25,multimodal-enabled,0,106,True,90418.4132596825,20131.71925,0.0,0,2400
combined,m100-c150-p12-r25,multimodal-enabled,0,107,True,89874.639499562,20717.0938,0.0,0,2400
combined,m100-c150-p12-r50,single-mode-per-order,0,100,True,91806.58485150497,19453.724499999997,0.0,0,2400
combined,m100-c150-p12-r50,single-mode-per-order,0,101,True,92846.2847672785,20044.85965,0.0,0,2400
combined,m100-c150-p12-r50,single-mode-per-order,0,102,True,90332.31631361299,20452.2137,0.0,0,2400
combined,m100-c150-p12-r50,single-mode-per-order,0,103,True,91195.53527333798,20150.616199999993,0.0,0,2400
combined,m100-c150-p12-r50,single-mode-per-order,0,104,True,91111.755411725,20203.202499999992,0.0,0,2400
combined,m100-c150-p12-r50,single-mode-per-order,0,105,True,90568.8543622505,20392.662449999996,0.0,0,2400
combined,m100-c150-p12-r50,single-mode-per-order,0,106,True,89738.7736897565,20059.061849999995,0.0,0,2400
combined,m100-c150-p12-r50,single-mode-per-order,0,107,True,90464.6109160625,20238.081249999996,0.0,0,2400
combined,m100-c150-p12-r50,multimodal-enabled,0,100,True,91324.8702308075,20003.98175,0.0,0,2400
combined,m100-c150-p12-r50,multimodal-enabled,0,101,True,90577.67119259149,19220.90335,0.0,0,2400
combined,m100-c150-p12-r50,multimodal-enabled,0,102,True,89981.44079651598,21022.248399999997,0.0,0,2400
combined,m100-c150-p12-r50,multimodal-enabled,0,103,True,90173.0823389255,19975.619949999997,0.0,0,2400
combined,m100-c150-p12-r50,multimodal-enabled,0,104,True,90359.61538144299,19421.180699999997,0.0,0,2400
combined,m100-c150-p12-r50,multimodal-enabled,0,105,True,89456.91923216249,19831.47125,0.0,0,2400
combined,m100-c150-p12-r50,multimodal-enabled,0,106,True,90418.4132596825,20131.71925,0.0,0,2400
combined,m100-c150-p12-r50,multimodal-enabled,0,107,True,89874.639499562,20717.0938,0.0,0,2400
combined,m050-c100-p12-r10,single-mode-per-order,0,100,True,90425.362057148,20247.485199999996,0.0,0,2400
combined,m050-c100-p12-r10,single-mode-per-order,0,101,True,90198.5422668995,20108.172549999996,0.0,0,2400
combined,m050-c100-p12-r10,single-mode-per-order,0,102,True,90645.29353287049,20671.10044999999,0.0,0,2400
combined,m050-c100-p12-r10,single-mode-per-order,0,103,True,91438.35768425147,20605.737349999996,0.0,0,2400
combined,m050-c100-p12-r10,single-mode-per-order,0,104,True,90447.89025909998,20096.589999999993,0.0,0,2400
combined,m050-c100-p12-r10,single-mode-per-order,0,105,True,90632.09188725,20167.524999999994,0.0,0,2400
combined,m050-c100-p12-r10,single-mode-per-order,0,106,True,91166.40677129298,20788.445699999997,0.0,0,2400
combined,m050-c100-p12-r10,single-mode-per-order,0,107,True,91276.61382968747,20936.093749999993,0.0,0,2400
combined,m050-c100-p12-r10,multimodal-enabled,0,100,True,90889.934003048,19707.89519999999,0.0,0,2400
combined,m050-c100-p12-r10,multimodal-enabled,0,101,True,90801.01742865799,19235.584199999998,0.0,0,2400
combined,m050-c100-p12-r10,multimodal-enabled,0,102,True,90144.12359515249,19212.42225,0.0,0,2400
combined,m050-c100-p12-r10,multimodal-enabled,0,103,True,89996.13048265598,19807.1344,0.0,0,2400
combined,m050-c100-p12-r10,multimodal-enabled,0,104,True,89619.322489526,19730.697399999997,0.0,0,2400
combined,m050-c100-p12-r10,multimodal-enabled,0,105,True,89804.0376430615,19637.60635,0.0,0,2400
combined,m050-c100-p12-r10,multimodal-enabled,0,106,True,89165.93022710748,20081.85175,0.0,0,2400
combined,m050-c100-p12-r10,multimodal-enabled,0,107,True,88707.5260971455,19890.29795,0.0,0,2400
combined,m050-c100-p12-r25,single-mode-per-order,0,100,True,90425.362057148,20247.485199999996,0.0,0,2400
combined,m050-c100-p12-r25,single-mode-per-order,0,101,True,90198.5422668995,20108.172549999996,0.0,0,2400
combined,m050-c100-p12-r25,single-mode-per-order,0,102,True,90645.29353287049,20671.10044999999,0.0,0,2400
combined,m050-c100-p12-r25,single-mode-per-order,0,103,True,91438.35768425147,20605.737349999996,0.0,0,2400
combined,m050-c100-p12-r25,single-mode-per-order,0,104,True,90447.89025909998,20096.589999999993,0.0,0,2400
combined,m050-c100-p12-r25,single-mode-per-order,0,105,True,90632.09188725,20167.524999999994,0.0,0,2400
combined,m050-c100-p12-r25,single-mode-per-order,0,106,True,91166.40677129298,20788.445699999997,0.0,0,2400
combined,m050-c100-p12-r25,single-mode-per-order,0,107,True,91276.61382968747,20936.093749999993,0.0,0,2400
combined,m050-c100-p12-r25,multimodal-enabled,0,100,True,90889.934003048,19707.89519999999,0.0,0,2400
combined,m050-c100-p12-r25,multimodal-enabled,0,101,True,90801.01742865799,19235.584199999998,0.0,0,2400
combined,m050-c100-p12-r25,multimodal-enabled,0,102,True,90144.12359515249,19212.42225,0.0,0,2400
combined,m050-c100-p12-r25,multimodal-enabled,0,103,True,89996.13048265598,19807.1344,0.0,0,2400
combined,m050-c100-p12-r25,multimodal-enabled,0,104,True,89619.322489526,19730.697399999997,0.0,0,2400
combined,m050-c100-p12-r25,multimodal-enabled,0,105,True,89804.0376430615,19637.60635,0.0,0,2400
combined,m050-c100-p12-r25,multimodal-enabled,0,106,True,89165.93022710748,20081.85175,0.0,0,2400
combined,m050-c100-p12-r25,multimodal-enabled,0,107,True,88707.5260971455,19890.29795,0.0,0,2400
combined,m050-c100-p12-r50,single-mode-per-order,0,100,True,90425.362057148,20247.485199999996,0.0,0,2400
combined,m050-c100-p12-r50,single-mode-per-order,0,101,True,90198.5422668995,20108.172549999996,0.0,0,2400
combined,m050-c100-p12-r50,single-mode-per-order,0,102,True,90645.29353287049,20671.10044999999,0.0,0,2400
combined,m050-c100-p12-r50,single-mode-per-order,0,103,True,91438.35768425147,20605.737349999996,0.0,0,2400
combined,m050-c100-p12-r50,single-mode-per-order,0,104,True,90447.89025909998,20096.589999999993,0.0,0,2400
combined,m050-c100-p12-r50,single-mode-per-order,0,105,True,90632.09188725,20167.524999999994,0.0,0,2400
combined,m050-c100-p12-r50,single-mode-per-order,0,106,True,91166.40677129298,20788.445699999997,0.0,0,2400
combined,m050-c100-p12-r50,single-mode-per-order,0,107,True,91276.61382968747,20936.093749999993,0.0,0,2400
combined,m050-c100-p12-r50,multimodal-enabled,0,100,True,90889.934003048,19707.89519999999,0.0,0,2400
combined,m050-c100-p12-r50,multimodal-enabled,0,101,True,90801.01742865799,19235.584199999998,0.0,0,2400
combined,m050-c100-p12-r50,multimodal-enabled,0,102,True,90144.12359515249,19212.42225,0.0,0,2400
combined,m050-c100-p12-r50,multimodal-enabled,0,103,True,89996.13048265598,19807.1344,0.0,0,2400
combined,m050-c100-p12-r50,multimodal-enabled,0,104,True,89619.322489526,19730.697399999997,0.0,0,2400
combined,m050-c100-p12-r50,multimodal-enabled,0,105,True,89804.0376430615,19637.60635,0.0,0,2400
combined,m050-c100-p12-r50,multimodal-enabled,0,106,True,89165.93022710748,20081.85175,0.0,0,2400
combined,m050-c100-p12-r50,multimodal-enabled,0,107,True,88707.5260971455,19890.29795,0.0,0,2400
