configuration,runs,feasible_runs,median_cost_cny,mean_cost_cny,best_cost_cny,mean_restarts
m050-c100,16,16,90755.92976311399,90575.38352525636,89033.20468200948,0.0
m075-c125,16,16,90458.48019378525,90383.26078394445,88182.24576888648,0.0
m100-c150,16,16,90468.22912562324,90510.17441432187,89549.01675200397,0.0
m100-c200,16,16,90926.45302028724,90859.94824529412,89374.527281123,0.0
m125-c200,16,16,91744.23890968248,91188.43282918577,89197.902967708,0.0
m125-c250,16,16,91755.95754567225,91359.6885483309,89138.58303759349,0.0
m125-c300-current,16,16,91755.95754567225,91359.6885483309,89138.58303759349,0.0
m150-c300,16,16,91978.03566146723,92090.21374305183,90549.476323947,0.0
p4-r10,16,16,90939.39527551824,90773.35594584019,88691.1517016,0.9375
p4-r25,16,16,90939.39527551824,90773.35594584019,88691.1517016,0.9375
p4-r50,16,16,90939.39527551824,90773.35594584019,88691.1517016,0.9375
p8-r10,16,16,90941.63292601699,90629.71553508812,88691.1517016,0.0625
p8-r25,16,16,90941.63292601699,90629.71553508812,88691.1517016,0.0625
p8-r50,16,16,90941.63292601699,90629.71553508812,88691.1517016,0.0625
p12-r10,16,16,90840.5136114285,90592.15882831575,88691.1517016,0.0
p12-r25,16,16,90840.5136114285,90592.15882831575,88691.1517016,0.0
p12-r50,16,16,90840.5136114285,90592.15882831575,88691.1517016,0.0
p20-r25,16,16,90840.5136114285,90592.15882831575,88691.1517016,0.0
m075-c125-p12-r10,16,16,90883.81389740974,90635.77166982362,89141.1038744315,0.0625
m075-c125-p12-r25,16,16,90883.81389740974,90635.77166982362,89141.1038744315,0.0625
m075-c125-p12-r50,16,16,90883.81389740974,90635.77166982362,89141.1038744315,0.0625
m100-c150-p12-r10,16,16,90441.5120878725,90639.46046982621,89456.91923216249,0.0
m100-c150-p12-r25,16,16,90441.5120878725,90639.46046982621,89456.91923216249,0.0
m100-c150-p12-r50,16,16,90441.5120878725,90639.46046982621,89456.91923216249,0.0
m050-c100-p12-r10,16,16,90436.62615812398,90334.91126592843,88707.5260971455,0.0
m050-c100-p12-r25,16,16,90436.62615812398,90334.91126592843,88707.5260971455,0.0
m050-c100-p12-r50,16,16,90436.62615812398,90334.91126592843,88707.5260971455,0.0
