configuration,seed,status,feasible,total_cost_cny,emissions_kg,constraint_violation,restarts,ga_candidate_evaluations,heuristic_seed_evaluations,unique_assignment_evaluations
legacy-combined,30,feasible-heuristic,True,340424.6750225001,108542.68495,0.0,1,15000,0,14868
legacy-combined,31,feasible-heuristic,True,348334.57878500014,108210.6227,0.0,1,15000,0,14869
legacy-combined,32,feasible-heuristic,True,352291.96198500006,109301.8017,0.0,0,15000,0,14935
legacy-combined,33,feasible-heuristic,True,346852.74230000004,108377.99049999999,0.0,0,15000,0,14942
legacy-combined,34,feasible-heuristic,True,336679.8183900001,104435.5158,0.0,1,15000,0,14867
legacy-combined,35,feasible-heuristic,True,346311.1428400001,106129.29529999998,0.0,1,15000,0,14865
legacy-combined,36,feasible-heuristic,True,353651.8588350001,109718.45919999998,0.0,0,15000,0,14950
legacy-combined,37,feasible-heuristic,True,355216.7616475,114432.99045,0.0,1,15000,0,14870
legacy-combined,38,feasible-heuristic,True,346265.16062000004,107363.96889999998,0.0,4,15000,0,14564
legacy-combined,39,feasible-heuristic,True,333608.2476800001,103767.0196,0.0,1,15000,0,14842
v2-adaptive-m2,30,feasible-heuristic,True,340124.32642500015,106248.7525,0.0,0,15000,0,11107
v2-adaptive-m2,31,feasible-heuristic,True,343975.3012574999,109223.04014999999,0.0,0,15000,0,11076
v2-adaptive-m2,32,feasible-heuristic,True,341770.71163000003,106275.8671,0.0,0,15000,0,10232
v2-adaptive-m2,33,feasible-heuristic,True,327748.39413000003,100900.11209999998,0.0,0,15000,0,10459
v2-adaptive-m2,34,feasible-heuristic,True,327288.89840000006,101511.77249999999,0.0,0,15000,0,11026
v2-adaptive-m2,35,feasible-heuristic,True,325773.1257300001,100448.1461,0.0,0,15000,0,10902
v2-adaptive-m2,36,feasible-heuristic,True,362969.1206875001,115401.15275000002,0.0,0,15000,0,10920
v2-adaptive-m2,37,feasible-heuristic,True,328283.28985000006,101637.2325,0.0,0,15000,0,10724
v2-adaptive-m2,38,feasible-heuristic,True,350512.11619750015,111773.63644999999,0.0,0,15000,0,10528
v2-adaptive-m2,39,feasible-heuristic,True,343582.80798000004,106510.78959999996,0.0,0,15000,0,11080
v2-r25-p20-m2,30,feasible-heuristic,True,340124.32642500015,106248.7525,0.0,0,15000,0,11107
v2-r25-p20-m2,31,feasible-heuristic,True,343975.3012574999,109223.04014999999,0.0,0,15000,0,11076
v2-r25-p20-m2,32,feasible-heuristic,True,341770.71163000003,106275.8671,0.0,3,15000,0,10957
v2-r25-p20-m2,33,feasible-heuristic,True,327848.62013000005,100904.63209999999,0.0,2,15000,0,10825
v2-r25-p20-m2,34,feasible-heuristic,True,332167.7300900001,102676.1163,0.0,1,15000,0,11193
v2-r25-p20-m2,35,feasible-heuristic,True,325773.1257300001,100448.1461,0.0,1,15000,0,11328
v2-r25-p20-m2,36,feasible-heuristic,True,362969.1206875001,115401.15275000002,0.0,0,15000,0,10920
v2-r25-p20-m2,37,feasible-heuristic,True,328117.77580000006,101660.08649999999,0.0,1,15000,0,11164
v2-r25-p20-m2,38,feasible-heuristic,True,351652.2568975001,112106.71845,0.0,1,15000,0,11298
v2-r25-p20-m2,39,feasible-heuristic,True,343582.80798000004,106510.78959999996,0.0,0,15000,0,11080
v2-r50-p20-m2,30,feasible-heuristic,True,340124.32642500015,106248.7525,0.0,0,15000,0,11107
v2-r50-p20-m2,31,feasible-heuristic,True,343975.3012574999,109223.04014999999,0.0,0,15000,0,11076
v2-r50-p20-m2,32,feasible-heuristic,True,341770.71163000003,106275.8671,0.0,3,15000,0,10957
v2-r50-p20-m2,33,feasible-heuristic,True,327848.62013000005,100904.63209999999,0.0,2,15000,0,10825
v2-r50-p20-m2,34,feasible-heuristic,True,332167.7300900001,102676.1163,0.0,1,15000,0,11193
v2-r50-p20-m2,35,feasible-heuristic,True,325773.1257300001,100448.1461,0.0,1,15000,0,11328
v2-r50-p20-m2,36,feasible-heuristic,True,362969.1206875001,115401.15275000002,0.0,0,15000,0,10920
v2-r50-p20-m2,37,feasible-heuristic,True,328117.77580000006,101660.08649999999,0.0,1,15000,0,11164
v2-r50-p20-m2,38,feasible-heuristic,True,351652.2568975001,112106.71845,0.0,1,15000,0,11298
v2-r50-p20-m2,39,feasible-heuristic,True,343582.80798000004,106510.78959999996,0.0,0,15000,0,11080
v2-r25-p30-m2,30,feasible-heuristic,True,354965.1244800001,110545.0811,0.0,1,15000,0,10598
v2-r25-p30-m2,31,feasible-heuristic,True,351617.18579000013,108553.4453,0.0,0,15000,0,11058
v2-r25-p30-m2,32,feasible-heuristic,True,344839.3675500001,107160.1955,0.0,1,15000,0,10699
v2-r25-p30-m2,33,feasible-heuristic,True,331594.40273000003,101391.6541,0.0,0,15000,0,10847
v2-r25-p30-m2,34,feasible-heuristic,True,341979.39497,105410.0944,0.0,0,15000,0,10913
v2-r25-p30-m2,35,feasible-heuristic,True,336522.98155750014,107735.93664999999,0.0,1,15000,0,10566
v2-r25-p30-m2,36,feasible-heuristic,True,361187.0862775001,114962.53605,0.0,0,15000,0,10694
v2-r25-p30-m2,37,feasible-heuristic,True,326398.64387000015,100816.48589999997,0.0,0,15000,0,11180
v2-r25-p30-m2,38,feasible-heuristic,True,362482.1776150001,112636.12379999997,0.0,0,15000,0,11137
v2-r25-p30-m2,39,feasible-heuristic,True,353254.2063750001,109649.63749999995,0.0,1,15000,0,11076
v2-r50-p30-m2,30,feasible-heuristic,True,354965.1244800001,110545.0811,0.0,1,15000,0,10598
v2-r50-p30-m2,31,feasible-heuristic,True,351617.18579000013,108553.4453,0.0,0,15000,0,11058
v2-r50-p30-m2,32,feasible-heuristic,True,344839.3675500001,107160.1955,0.0,1,15000,0,10699
v2-r50-p30-m2,33,feasible-heuristic,True,331594.40273000003,101391.6541,0.0,0,15000,0,10847
v2-r50-p30-m2,34,feasible-heuristic,True,341979.39497,105410.0944,0.0,0,15000,0,10913
v2-r50-p30-m2,35,feasible-heuristic,True,336522.98155750014,107735.93664999999,0.0,1,15000,0,10566
v2-r50-p30-m2,36,feasible-heuristic,True,361187.0862775001,114962.53605,0.0,0,15000,0,10694
v2-r50-p30-m2,37,feasible-heuristic,True,326398.64387000015,100816.48589999997,0.0,0,15000,0,11180
v2-r50-p30-m2,38,feasible-heuristic,True,362482.1776150001,112636.12379999997,0.0,0,15000,0,11137
v2-r50-p30-m2,39,feasible-heuristic,True,353254.2063750001,109649.63749999995,0.0,1,15000,0,11076
v2-r25-p30-m25,30,feasible-heuristic,True,354965.1244800001,110545.0811,0.0,1,15000,0,10843
v2-r25-p30-m25,31,feasible-heuristic,True,355368.86894000013,110577.01229999999,0.0,1,15000,0,11042
v2-r25-p30-m25,32,feasible-heuristic,True,344839.3675500001,107160.1955,0.0,1,15000,0,10776
v2-r25-p30-m25,33,feasible-heuristic,True,331159.53036000003,101965.84869999999,0.0,0,15000,0,10873
v2-r25-p30-m25,34,feasible-heuristic,True,341980.00733000005,105389.8216,0.0,0,15000,0,11003
v2-r25-p30-m25,35,feasible-heuristic,True,332366.02616250014,105648.05224999998,0.0,0,15000,0,10907
v2-r25-p30-m25,36,feasible-heuristic,True,362612.08717750007,115322.81404999999,0.0,1,15000,0,10862
v2-r25-p30-m25,37,feasible-heuristic,True,326398.64387000015,100816.48589999997,0.0,0,15000,0,11180
v2-r25-p30-m25,38,feasible-heuristic,True,362482.1776150001,112636.12379999997,0.0,0,15000,0,11221
v2-r25-p30-m25,39,feasible-heuristic,True,347822.4125550001,108110.9491,0.0,0,15000,0,11100
v2-r50-p30-m25,30,feasible-heuristic,True,354965.1244800001,110545.0811,0.0,1,15000,0,10843
v2-r50-p30-m25,31,feasible-heuristic,True,355368.86894000013,110577.01229999999,0.0,1,15000,0,11042
v2-r50-p30-m25,32,feasible-heuristic,True,344839.3675500001,107160.1955,0.0,1,15000,0,10776
v2-r50-p30-m25,33,feasible-heuristic,True,331159.53036000003,101965.84869999999,0.0,0,15000,0,10873
v2-r50-p30-m25,34,feasible-heuristic,True,341980.00733000005,105389.8216,0.0,0,15000,0,11003
v2-r50-p30-m25,35,feasible-heuristic,True,332366.02616250014,105648.05224999998,0.0,0,15000,0,10907
v2-r50-p30-m25,36,feasible-heuristic,True,362612.08717750007,115322.81404999999,0.0,1,15000,0,10862
v2-r50-p30-m25,37,feasible-heuristic,True,326398.64387000015,100816.48589999997,0.0,0,15000,0,11180
v2-r50-p30-m25,38,feasible-heuristic,True,362482.1776150001,112636.12379999997,0.0,0,15000,0,11221
v2-r50-p30-m25,39,feasible-heuristic,True,347822.4125550001,108110.9491,0.0,0,15000,0,11100
v2-r25-p30-m3,30,feasible-heuristic,True,327347.08026000013,100676.0742,0.0,1,15000,0,12260
v2-r25-p30-m3,31,feasible-heuristic,True,341908.256865,106650.2253,0.0,0,15000,0,11929
v2-r25-p30-m3,32,feasible-heuristic,True,341475.89838500007,106367.50569999998,0.0,0,15000,0,11786
v2-r25-p30-m3,33,feasible-heuristic,True,344958.3844150001,108942.2163,0.0,1,15000,0,11733
v2-r25-p30-m3,34,feasible-heuristic,True,337912.78024500003,104570.70289999997,0.0,0,15000,0,11605
v2-r25-p30-m3,35,feasible-heuristic,True,327911.5661600001,101703.25770000002,0.0,0,15000,0,12197
v2-r25-p30-m3,36,feasible-heuristic,True,344420.1505750001,106707.57399999998,0.0,1,15000,0,12009
v2-r25-p30-m3,37,feasible-heuristic,True,326877.63521000004,100742.54919999998,0.0,0,15000,0,11888
v2-r25-p30-m3,38,feasible-heuristic,True,342332.0319550001,107220.59709999997,0.0,1,15000,0,11454
v2-r25-p30-m3,39,feasible-heuristic,True,331866.0858400001,103852.36829999997,0.0,1,15000,0,11845
v2-r50-p30-m3,30,feasible-heuristic,True,327347.08026000013,100676.0742,0.0,1,15000,0,12260
v2-r50-p30-m3,31,feasible-heuristic,True,341908.256865,106650.2253,0.0,0,15000,0,11929
v2-r50-p30-m3,32,feasible-heuristic,True,341475.89838500007,106367.50569999998,0.0,0,15000,0,11786
v2-r50-p30-m3,33,feasible-heuristic,True,344958.3844150001,108942.2163,0.0,1,15000,0,11733
v2-r50-p30-m3,34,feasible-heuristic,True,337912.78024500003,104570.70289999997,0.0,0,15000,0,11605
v2-r50-p30-m3,35,feasible-heuristic,True,327911.5661600001,101703.25770000002,0.0,0,15000,0,12197
v2-r50-p30-m3,36,feasible-heuristic,True,344420.1505750001,106707.57399999998,0.0,1,15000,0,12009
v2-r50-p30-m3,37,feasible-heuristic,True,326877.63521000004,100742.54919999998,0.0,0,15000,0,11888
v2-r50-p30-m3,38,feasible-heuristic,True,342332.0319550001,107220.59709999997,0.0,1,15000,0,11454
v2-r50-p30-m3,39,feasible-heuristic,True,331866.0858400001,103852.36829999997,0.0,1,15000,0,11845
v2-hybrid-archive-r25,30,feasible-heuristic,True,328893.6103200001,101812.5229,0.0,2,15000,288,11925
v2-hybrid-archive-r25,31,feasible-heuristic,True,337472.10421,107357.35869999997,0.0,4,15000,288,12095
v2-hybrid-archive-r25,32,feasible-heuristic,True,328870.6786100001,103914.7762,0.0,2,15000,288,11118
v2-hybrid-archive-r25,33,feasible-heuristic,True,337472.10421,107357.35869999997,0.0,4,15000,288,11696
v2-hybrid-archive-r25,34,feasible-heuristic,True,326458.1986600001,100701.13569999998,0.0,2,15000,288,11432
v2-hybrid-archive-r25,35,feasible-heuristic,True,337472.10421,107357.35869999997,0.0,4,15000,288,11561
v2-hybrid-archive-r25,36,feasible-heuristic,True,337472.10421,107357.35869999997,0.0,4,15000,288,12130
v2-hybrid-archive-r25,37,feasible-heuristic,True,325897.3289100001,99778.64469999998,0.0,1,15000,288,11348
v2-hybrid-archive-r25,38,feasible-heuristic,True,337472.10421,107357.35869999997,0.0,4,15000,288,11871
v2-hybrid-archive-r25,39,feasible-heuristic,True,330827.87167500006,101577.76399999997,0.0,2,15000,288,11492
v2-hybrid-archive-r50,30,feasible-heuristic,True,337472.10421,107357.35869999997,0.0,4,15000,288,12151
v2-hybrid-archive-r50,31,feasible-heuristic,True,337472.10421,107357.35869999997,0.0,4,15000,288,12095
v2-hybrid-archive-r50,32,feasible-heuristic,True,326690.5617400001,101704.48330000002,0.0,2,15000,288,11100
v2-hybrid-archive-r50,33,feasible-heuristic,True,337472.10421,107357.35869999997,0.0,4,15000,288,11517
v2-hybrid-archive-r50,34,feasible-heuristic,True,335729.59531500004,105939.93129999998,0.0,3,15000,288,11589
v2-hybrid-archive-r50,35,feasible-heuristic,True,337472.10421,107357.35869999997,0.0,4,15000,288,11829
v2-hybrid-archive-r50,36,feasible-heuristic,True,337472.10421,107357.35869999997,0.0,4,15000,288,11992
v2-hybrid-archive-r50,37,feasible-heuristic,True,330504.48415000003,102227.432,0.0,2,15000,288,11043
v2-hybrid-archive-r50,38,feasible-heuristic,True,337472.10421,107357.35869999997,0.0,4,15000,288,11958
v2-hybrid-archive-r50,39,feasible-heuristic,True,331667.05580500007,103532.0846,0.0,3,15000,288,11523
