configuration,runs,feasible_runs,best_cost_cny,median_cost_cny,mean_cost_cny,stdev_cost_cny,q1_cost_cny,q3_cost_cny,mean_restarts,mean_heuristic_seed_evaluations
legacy-combined,10,10,313321.449055,325098.4496000001,324096.54946750007,4985.576987760439,322301.22145250003,326446.300488125,0.8,0.0
v2-adaptive-m2,10,10,306736.8298400001,322000.98363250005,320902.45757025003,7787.484426749593,314575.08283,326872.2483975,0.0,0.0
v2-r25-p20-m2,10,10,306736.8298400001,322000.98363250005,319304.51360475004,8559.785056253486,311296.33427625004,324728.40317625,0.8,0.0
v2-r50-p20-m2,10,10,306736.8298400001,322000.98363250005,319304.51360475004,8559.785056253486,311296.33427625004,324728.40317625,0.8,0.0
v2-r25-p30-m2,10,10,307334.7859150001,312712.1294825,316407.3380950001,9566.40875267954,307747.9531312501,323707.82256125007,0.7,0.0
v2-r50-p30-m2,10,10,307334.7859150001,312712.1294825,316407.3380950001,9566.40875267954,307747.9531312501,323707.82256125007,0.7,0.0
v2-r25-p30-m25,10,10,307443.34698499995,315824.02172250004,317559.1384635001,9300.499550970591,308774.40024875005,325149.8407687501,0.6,0.0
v2-r50-p30-m25,10,10,307443.34698499995,315824.02172250004,317559.1384635001,9300.499550970591,308774.40024875005,325149.8407687501,0.6,0.0
v2-r25-p30-m3,10,10,303957.87579,309238.6335875001,314981.75833750004,10045.543959140123,306909.2653525001,325489.86260750005,0.2,0.0
v2-r50-p30-m3,10,10,303957.87579,309238.6335875001,314981.75833750004,10045.543959140123,306909.2653525001,325489.86260750005,0.2,0.0
v2-hybrid-archive-r25,10,10,309951.76694500004,311960.9148875001,314533.04568900005,4141.01305031663,311237.9349812501,319495.43864500005,2.6,288.0
v2-hybrid-archive-r50,10,10,305859.27446000004,311055.613255,312964.06917400006,5855.1651802945225,307346.5232500001,319783.79474625003,2.7,288.0
