id,name_zh,province,yrd_scope,resolution,decision,cargo_types,modes,historical_2022,current_reference,source_ids,notes
cq-guoyuan-port,重庆果园港,重庆,corridor_external,exact_facility,core,container|automobile|general_cargo,road|rail|water,operational,operational,CQ_GUOYUAN_2021|CQ_SH_FAST_2019,Corridor origin gateway; a through service need not stop at every intermediate Yangtze port.
cq-tuanjiecun-rail,重庆团结村铁路集装箱中心站,重庆,corridor_external,exact_facility,evidence_only,container,road|rail,operational,unverified,SH_CQ_RAIL_2011,Verified endpoint of the 2011 five-fixed Chongqing-Shanghai train; it must not be silently collapsed into Guoyuan Port.
hb-wuhan-yangluo-port,武汉阳逻港区,湖北,corridor_external,exact_facility,conditional,container|general_cargo,road|rail|water,operational,operational,NDRC_LOGISTICS_HUBS_2018|HB_YANGLUO_INTERMODAL_2018,Admit only when a relevant calling or transfer service is documented; geographic position alone is insufficient.
jx-jiujiang-port-unresolved,九江港（港区待解析）,江西,corridor_external,port_area_unresolved,evidence_only,container|general_cargo,road|rail|water,unverified,unverified,NDRC_LOGISTICS_HUBS_2018|MOT_INLAND_PORT_LAYOUT,"The historical model used Jiujiang as a transfer city, but the public registry still needs a terminal and service-level match."
ah-anqing-port-unresolved,安庆港（港区待解析）,安徽,yrd,port_area_unresolved,evidence_only,container|general_cargo,road|rail|water,unverified,unverified,NDRC_LOGISTICS_HUBS_2018|MOT_INLAND_PORT_LAYOUT,National-hub eligibility does not prove the historical model's rail-water transfer at an exact terminal.
ah-wuhu-zhujiaqiao-port,芜湖港朱家桥港区,安徽,yrd,exact_facility,core,container|automobile|general_cargo,road|rail|water,operational,operational,WUH_PORT_PROFILE_2022|WUH_PORT_PLAN_2023,Container and foreign-trade hub; later station upgrades must not be backdated into the 2022 snapshot.
ah-wuhu-yuxikou-port,芜湖港裕溪口港区,安徽,yrd,exact_facility,cargo_specific,coal|bulk,road|rail|water,operational,operational,WUH_PORT_PROFILE_2022|WUH_PORT_PLAN_2023,Coal rail-water hub; excluded from the default general-container graph.
ah-maanshan-port-unresolved,马鞍山港（港区待解析）,安徽,yrd,port_area_unresolved,cargo_specific,bulk|steel,road|rail|water,unverified,unverified,YRD_INTEGRATION_2019|MOT_INLAND_PORT_LAYOUT,Retain as a commodity-specific candidate until an exact terminal and service are verified.
js-nanjing-longtan-port,南京港龙潭港区,江苏,yrd,exact_facility,core,container|general_cargo,road|rail|water,operational,operational,NJ_LONGTAN_RAIL_2020|NJ_SH_DAILY_2023|NJ_SH_NETWORK_2025,Verified rail access and later daily Shanghai service evidence.
js-nanjing-qiba-port,南京港七坝港区,江苏,yrd,exact_facility,conditional,container,road|water,unverified,operational,NJ_QIBA_WAIGAOQIAO_2025,Current-reference feeder origin; not backdated to 2022.
js-taicang-port,苏州港太仓港区,江苏,yrd,exact_facility,core,container|automobile|general_cargo,road|rail|water,operational,operational,YRD_INTEGRATION_2019|TAICANG_HUB_2020|JIANGSU_WATER_2024,Container core and Shanghai feeder; railway commissioning must be evaluated by snapshot date.
js-taicang-shanggang-zhenghe,太仓港上港正和码头,江苏,yrd,exact_facility,conditional,container,road|water,operational,operational,CQ_SH_EXPRESS_2020,Explicit intermediate terminal in the Shanghai-Chongqing express-water description.
js-nantong-tonghai-terminal,南通港通海集装箱码头,江苏,yrd,exact_facility,conditional,container,road|rail|water,not_applicable,operational,NANTONG_TONGHAI_2026,Current-reference only; the cited first movement occurred in 2026.
sh-waigaoqiao-port,上海港外高桥港区,上海,yrd,exact_facility,core,container|general_cargo,road|water,operational,operational,CQ_SH_FAST_2019|CQ_SH_EXPRESS_2020|WUH_SH_DIRECT_2021,Do not treat planned direct rail access as operational in the historical snapshot.
sh-yangpu-rail,上海杨浦铁路货运站,上海,yrd,exact_facility,evidence_only,container,road|rail,operational,unverified,SH_CQ_RAIL_2011,Verified Shanghai endpoint of the 2011 trial train; the source does not identify a Luchaogang or Yangshan rail endpoint.
sh-luchaogang-rail,芦潮港铁路集装箱中心站,上海,yrd,exact_facility,core,container,road|rail,operational,operational,SH_SEA_RAIL_2019,"Separate railway node; connection to Yangshan is a road transfer leg, not a zero-cost in-node mode switch."
sh-yangshan-port,上海港洋山深水港区,上海,yrd,exact_facility,core,container,road|water,operational,operational,CQ_SH_FAST_2019|CQ_SH_EXPRESS_2020|SH_SEA_RAIL_2019,Deep-sea container gateway; not the same physical node as Luchaogang railway centre.
zj-ningbo-chuanshan-port,宁波舟山港穿山港区,浙江,yrd,exact_facility,core,container|bulk,road|rail|water,operational,operational,YRD_INTEGRATION_2019|NINGBO_CHUANSHAN_RAIL,"South-wing sea-rail alternative when the destination is an export gateway, not a Shanghai city consignee."
zj-jiaxing-port-unresolved,嘉兴港（港区待解析）,浙江,yrd,port_area_unresolved,evidence_only,container|general_cargo,road|water,unverified,unverified,MOT_INLAND_PORT_LAYOUT,Requires a cargo-relevant scheduled-service record before graph admission.
zj-huzhou-port-unresolved,湖州港（港区待解析）,浙江,yrd,port_area_unresolved,evidence_only,container|general_cargo,road|water,unverified,unverified,MOT_INLAND_PORT_LAYOUT,Candidate inland feeder only; city-level port evidence is insufficient for an optimizer node.
