id,from_facility_id,to_facility_id,from_area,to_area,mode,cargo_types,valid_from,valid_to,service_hours,service_hours_range,distance_km,quoted_cost_cny,quoted_cost_scope,frequency,evidence_grade,optimizer_eligible,missing_for_optimizer,source_ids,notes
gy-waigaoqiao-fast-water-2019,cq-guoyuan-port,sh-waigaoqiao-port,,,water,container,2019-05-29,,192,,,,,approximately daily during the reported first two months,A,False,facility-level navigable distance|comparable tariff,CQ_SH_FAST_2019,"Published maximum voyage time, not a statistical travel-time distribution."
gy-yangshan-via-lower-yangtze-2019,cq-guoyuan-port,sh-yangshan-port,,,water,container,2019-05-29,,240,,,1400,,approximately daily in the 2021 operator report,A,False,selected transfer terminal per sailing|segment distances|route-specific current tariff,CQ_SH_FAST_2019|CQ_SH_EXPRESS_2020|NDRC_COST_2021,"Retained as a bundled service; its intermediate call must not be converted into a free route-choice node. CNY 1400 is the operator's 2021 Chongqing-Shanghai water comparison, not a current sailing quote."
cq-sh-express-corridor-2022,,,Chongqing Port,Shanghai Port,water,container,2020-01-15,,,"[192, 216]",,,,,A,False,resolved terminals|single service-time statistic|distance|tariff,CQ_SH_EXPRESS_2022,"The official description explicitly says intermediate ports are not called, so Wuhan/Jiujiang/Anqing are not implicit transfers."
yangpu-tuanjiecun-five-fixed-rail-2011,sh-yangpu-rail,cq-tuanjiecun-rail,,,rail,container,2011-06-30,,57.5,"[55, 60]",,,,one train per week at trial launch; 40-48 containers per train,A,False,current operating status|distance|tariff|first/last-mile links,SH_CQ_RAIL_2011,This is real corridor-specific historical operation. It does not prove a Guoyuan-Luchaogang service or the same 2026 timetable.
chongqing-luchaogang-searail-2021,,sh-luchaogang-rail,Chongqing; origin station not published,,rail,container,2021-10-26,,,,,,,connected service reported; Chongqing was not among the six named fixed-cycle daily lines,A,False,resolved Chongqing station|current operating status|current frequency|cancellation rate|distance|time|full-scope tariff,SH_CQ_SEARAIL_2021,This record resolves the 2021 Shanghai endpoint to Luchaogang but does not establish a current daily Chongqing train.
haohang-chongqing-shanghai-water-current,,,Chongqing ports,Shanghai and intermediate Yangtze ports,water,container,,,240,,2700,,,two sailings per week in each direction; reported weekly 700-800 TEU and 9600-11000 tonnes,B,False,resolved terminals|comparable tariff|route-specific navigable distance,CQ_HAOHANG_CURRENT,Current operator disclosure. The 2700 km figure is the operator's approximate corridor length and is not substituted for the team's 2399 km model distance.
wuhu-waigaoqiao-direct-2020,,sh-waigaoqiao-port,Wuhu Port; port area unresolved in the service source,,water,container,2020-01-01,,60,,,,,five-fixed liner; exact weekly count not reported in this source,A,False,resolved Wuhu terminal|distance|tariff,WUH_SH_DIRECT_2021|WUH_13FIVE_RESULTS,The 60-hour statement is a voyage commitment; the same source separately states port stay below eight hours.
longtan-yangshan-daily-rail,js-nanjing-longtan-port,sh-yangshan-port,,,rail,container,2023-01-01,,,,,,,daily,A,False,rail arrival terminal interpretation|short-haul time|distance|tariff,NJ_SH_DAILY_2023|NJ_SH_NETWORK_2025,The public description calls the destination Yangshan although Yangshan itself has no direct railway; model promotion must represent the terminal short-haul explicitly.
qiba-longtan-waigaoqiao-fast-water-2025,js-nanjing-qiba-port,sh-waigaoqiao-port,,,water,container,2025-04-01,,25,,,,,,A,False,distance|tariff|frequency,NJ_QIBA_WAIGAOQIAO_2025,Current-reference service; excluded from historical_2022.
luchaogang-yangshan-drayage,sh-luchaogang-rail,sh-yangshan-port,,,road,container,2019-07-12,,,,45,,,scheduled around production plans,A,False,short-haul time distribution|contract tariff,SH_SEA_RAIL_2019|CAOP_LUCHAOGANG_2019|SH_INTERMODAL_SUPPORT_2025,Institutional evidence confirms the road leg and an approximately 45 km distance. The CNY 180 loaded-TEU support is paid to eligible signed operators and is not substituted for the customer tariff.
luchaogang-area-yangshan-spot-20ft-2026,,sh-yangshan-port,"Yitian Road, Luchaogang area",,road,container,2026-09-10,2026-09-10,,,45,200,one loaded single 20-foot box at 17-21 tonnes,one spot-market posting,C,False,exact rail-terminal pickup point|completed-trip confirmation|time distribution|contract tariff,SH_YIGUIDA_SPOT_2026_09|CAOP_LUCHAOGANG_2019,"Sanitized public spot observation. It calibrates a sensitivity value but must not be described as an operator contract, invoice or average market price."
sichuan-nantong-zhejiang-2026,,,Sichuan origin via Yangtze water,Zhejiang destination,rail,container,2026-05-19,,,,,,,first reported movement,A,False,resolved origin|resolved destination|time|distance|tariff|recurrence,NANTONG_TONGHAI_2026,"Proof of a facility capability and one movement, not proof of a stable scheduled lane."
