scenario_id,method,runs,feasible_runs,feasible_rate,best_cost_cny,median_cost_cny,mean_cost_cny,stdev_cost_cny,q1_cost_cny,q3_cost_cny,mean_restarts
central-balanced-c97p49-r0,greedy,1,1,1.0,182555.437959,182555.437959,182555.437959,0,182555.437959,182555.437959,0.0
central-balanced-c97p49-r0,fixed,30,30,1.0,182555.437959,182555.437959,182676.55474222,604.041320780667,182555.437959,182555.437959,0.0
central-balanced-c97p49-r0,adaptive,30,30,1.0,182555.437959,182555.437959,182757.55474222,604.4948290339734,182555.437959,182825.437959,0.0
central-balanced-c97p49-r0,catastrophe,30,30,1.0,182555.437959,182555.437959,182676.55474222,604.041320780667,182555.437959,182555.437959,0.4
central-balanced-c97p49-r0,combined,30,30,1.0,182555.437959,182555.437959,182766.55474222,603.4276230260367,182555.437959,182825.437959,0.23333333333333334
central-balanced-c97p49-r0,hybrid-seeded,30,30,1.0,182555.437959,182555.437959,182555.437959,0.0,182555.437959,182555.437959,2.0
central-balanced-c97p49-r9p5,greedy,1,1,1.0,193492.4449522,193492.4449522,193492.4449522,0,193492.4449522,193492.4449522,0.0
central-balanced-c97p49-r9p5,fixed,30,30,1.0,189282.4449522,189552.4449522,190462.01185197334,1574.833994511578,189282.4449522,192673.32082635,0.0
central-balanced-c97p49-r9p5,adaptive,30,30,1.0,189282.4449522,189552.4449522,190195.22840208665,1363.338633650048,189552.4449522,189822.4449522,0.0
central-balanced-c97p49-r9p5,catastrophe,30,30,1.0,189282.4449522,189552.4449522,190471.01185197334,1568.827239078087,189349.9449522,192673.32082635,0.8
central-balanced-c97p49-r9p5,combined,30,30,1.0,189282.4449522,189552.4449522,190298.64932283497,1446.1802324823484,189552.4449522,189822.4449522,0.6333333333333333
central-balanced-c97p49-r9p5,hybrid-seeded,30,30,1.0,189282.4449522,189552.4449522,190298.64932283497,1446.1802324823484,189552.4449522,189822.4449522,0.6333333333333333
central-balanced-c97p49-r20p0,greedy,1,1,1.0,200489.4519454,200489.4519454,200489.4519454,0,200489.4519454,200489.4519454,0.0
central-balanced-c97p49-r20p0,fixed,30,30,1.0,196549.4519454,199931.2036937,199443.21103633,1149.8933698423389,199670.32781955,199940.32781955,0.0
central-balanced-c97p49-r20p0,adaptive,30,30,1.0,196549.4519454,199670.32781955,198860.97746989,1961.6849732867931,196549.4519454,199931.2036937,0.0
central-balanced-c97p49-r20p0,catastrophe,30,30,1.0,196549.4519454,199931.2036937,199452.21103633,1152.6889711042309,199670.32781955,199940.32781955,1.3333333333333333
central-balanced-c97p49-r20p0,combined,30,30,1.0,196549.4519454,199670.32781955,198634.91907828,1803.0151632864074,196549.4519454,199868.26575662498,0.9
central-balanced-c97p49-r20p0,hybrid-seeded,30,30,1.0,196549.4519454,199670.32781955,198634.91907828,1803.0151632864074,196549.4519454,199868.26575662498,0.9
central-balanced-c97p49-r30p0,greedy,1,0,0.0,,,,0,,,0.0
central-balanced-c97p49-r30p0,fixed,30,30,1.0,203555.58306445,206946.4589386,206378.71686399667,1884.6058907347735,204603.52100152502,207151.2399700625,0.0
central-balanced-c97p49-r30p0,adaptive,30,30,1.0,203555.58306445,206951.021001525,206683.02100152502,2088.0875742889853,206946.4589386,206955.58306445,0.0
central-balanced-c97p49-r30p0,catastrophe,30,30,1.0,203555.58306445,206946.4589386,206378.71686399667,1884.013533373431,204603.52100152502,207151.2399700625,1.4333333333333333
central-balanced-c97p49-r30p0,combined,30,30,1.0,203555.58306445,206946.4589386,206483.05019732998,2248.2890069255977,203623.08306445,207216.4589386,1.4666666666666666
central-balanced-c97p49-r30p0,hybrid-seeded,30,30,1.0,203555.58306445,206946.4589386,206483.05019732998,2248.2890069255977,203623.08306445,207216.4589386,1.4666666666666666
low-balanced-c97p49-r20p0,greedy,1,0,0.0,,,,0,,,0.0
low-balanced-c97p49-r20p0,fixed,30,30,1.0,91250.34660195,91511.2224761,91635.97189333334,854.8159181236391,91250.34660195,91520.34660195,0.0
low-balanced-c97p49-r20p0,adaptive,30,30,1.0,91250.34660195,91511.2224761,91626.05948074834,854.7755602470124,91250.34660195,91511.2224761,0.0
low-balanced-c97p49-r20p0,catastrophe,30,30,1.0,91250.34660195,91511.2224761,91531.94269752833,598.5374001034768,91250.34660195,91520.34660195,1.0666666666666667
low-balanced-c97p49-r20p0,combined,30,30,1.0,91250.34660195,91380.784539025,91608.36361827668,859.6084579547203,91250.34660195,91511.2224761,0.9
low-balanced-c97p49-r20p0,hybrid-seeded,30,30,1.0,91250.34660195,91380.784539025,91608.36361827668,859.6084579547203,91250.34660195,91511.2224761,0.9
high-balanced-c97p49-r20p0,greedy,1,0,0.0,,,,0,,,0.0
high-balanced-c97p49-r20p0,fixed,30,0,0.0,,,,0,,,0.0
high-balanced-c97p49-r20p0,adaptive,30,0,0.0,,,,0,,,0.0
high-balanced-c97p49-r20p0,catastrophe,30,0,0.0,,,,0,,,1.2666666666666666
high-balanced-c97p49-r20p0,combined,30,0,0.0,,,,0,,,0.9333333333333333
high-balanced-c97p49-r20p0,hybrid-seeded,30,0,0.0,,,,0,,,0.9333333333333333
central-tight-c97p49-r0,greedy,1,0,0.0,,,,0,,,0.0
central-tight-c97p49-r0,fixed,30,29,0.9666666666666667,273996.1839045,284196.1839045,283141.0114907069,3106.3434771222082,284196.1839045,284196.1839045,0.0
central-tight-c97p49-r0,adaptive,30,30,1.0,273996.1839045,284196.1839045,283516.1839045,3661.9120688514627,284196.1839045,284196.1839045,0.0
central-tight-c97p49-r0,catastrophe,30,30,1.0,273996.1839045,284196.1839045,282836.1839045,3467.3332692430936,284196.1839045,284196.1839045,1.9333333333333333
central-tight-c97p49-r0,combined,30,30,1.0,273996.1839045,284196.1839045,283176.1839045,4037.2763095928917,284196.1839045,284196.1839045,1.9333333333333333
central-tight-c97p49-r0,hybrid-seeded,30,30,1.0,273996.1839045,284196.1839045,283176.1839045,4037.2763095928917,284196.1839045,284196.1839045,1.9333333333333333
central-tight-c97p49-r20p0,greedy,1,0,0.0,,,,0,,,0.0
central-tight-c97p49-r20p0,fixed,30,0,0.0,,,,0,,,0.0
central-tight-c97p49-r20p0,adaptive,30,0,0.0,,,,0,,,0.0
central-tight-c97p49-r20p0,catastrophe,30,0,0.0,,,,0,,,1.8666666666666667
central-tight-c97p49-r20p0,combined,30,0,0.0,,,,0,,,1.7333333333333334
central-tight-c97p49-r20p0,hybrid-seeded,30,0,0.0,,,,0,,,1.8333333333333333
central-relaxed-c97p49-r0,greedy,1,1,1.0,114809.62293365,114809.62293365,114809.62293365,0,114809.62293365,114809.62293365,0.0
central-relaxed-c97p49-r0,fixed,30,30,1.0,114809.62293365,115619.62293365,115992.42339986333,1236.6674575931243,115349.62293365,115889.62293365,0.0
central-relaxed-c97p49-r0,adaptive,30,30,1.0,115079.62293365,115889.62293365,116683.28225768666,1869.2331883419336,115417.12293365,118007.2505561,0.0
central-relaxed-c97p49-r0,catastrophe,30,30,1.0,114809.62293365,115619.62293365,115992.42339986333,1236.6674575931243,115349.62293365,115889.62293365,0.0
central-relaxed-c97p49-r0,combined,30,30,1.0,115079.62293365,115889.62293365,116683.28225768666,1869.2331883419336,115417.12293365,118007.2505561,0.0
central-relaxed-c97p49-r0,hybrid-seeded,30,30,1.0,114809.62293365,114809.62293365,114809.62293365,0.0,114809.62293365,114809.62293365,2.0
central-relaxed-c97p49-r20p0,greedy,1,0,0.0,,,,0,,,0.0
central-relaxed-c97p49-r20p0,fixed,30,30,1.0,138624.14740985,142564.14740985,141761.04280610834,1999.9117186217418,139443.2715357,142838.709472775,0.0
central-relaxed-c97p49-r20p0,adaptive,30,30,1.0,139164.14740985,142564.14740985,141927.4637268567,2069.2079500215673,139713.2715357,142834.14740985,0.0
central-relaxed-c97p49-r20p0,catastrophe,30,30,1.0,138624.14740985,142564.14740985,141770.651081165,2005.684463217222,139443.2715357,142843.2715357,0.1
central-relaxed-c97p49-r20p0,combined,30,30,1.0,139164.14740985,142564.14740985,141927.4637268567,2069.2079500215673,139713.2715357,142834.14740985,0.0
central-relaxed-c97p49-r20p0,hybrid-seeded,30,30,1.0,139164.14740985,142564.14740985,141927.4637268567,2069.2079500215673,139713.2715357,142834.14740985,0.0
central-balanced-c0-r20p0,greedy,1,1,1.0,199340.0,199340.0,199340.0,0,199340.0,199340.0,0.0
central-balanced-c0-r20p0,fixed,30,30,1.0,195400.0,198800.0,199118.33333333334,1435.7647981321857,198540.0,199007.5,0.0
central-balanced-c0-r20p0,adaptive,30,30,1.0,195400.0,198800.0,199143.66666666666,1942.0598743487687,198540.0,199005.0,0.0
central-balanced-c0-r20p0,catastrophe,30,30,1.0,195400.0,198800.0,199127.33333333334,1432.9548337458357,198540.0,199007.5,1.4
central-balanced-c0-r20p0,combined,30,30,1.0,195400.0,198800.0,199171.0,1936.5473571969953,198540.0,199005.0,1.1
central-balanced-c0-r20p0,hybrid-seeded,30,30,1.0,195400.0,198800.0,199171.0,1936.5473571969953,198540.0,199005.0,1.1
central-balanced-c6000-r20p0,greedy,1,0,0.0,,,,0,,,0.0
central-balanced-c6000-r20p0,fixed,30,0,0.0,,,,0,,,0.0
central-balanced-c6000-r20p0,adaptive,30,0,0.0,,,,0,,,0.0
central-balanced-c6000-r20p0,catastrophe,30,0,0.0,,,,0,,,1.8333333333333333
central-balanced-c6000-r20p0,combined,30,0,0.0,,,,0,,,1.5
central-balanced-c6000-r20p0,hybrid-seeded,30,0,0.0,,,,0,,,1.5
