case,method,seed,order_id,tonnes,deadline_hours,route,modes,arrival_hour,cost_cny,emissions_kg
uncapped,fixed,0,POL-CB-000,10.0,72.0,cq-guoyuan-port>sh-luchaogang-rail>sh-yangshan-port,rail+road,64.5,4820.0,87.47
uncapped,fixed,0,POL-CB-001,20.0,72.0,cq-guoyuan-port>sh-luchaogang-rail>sh-yangshan-port,rail+road,65.0,4840.0,174.94
uncapped,fixed,0,POL-CB-002,10.0,168.0,cq-guoyuan-port>sh-luchaogang-rail>sh-yangshan-port,rail+road,136.5,4820.0,87.47
uncapped,fixed,0,POL-CB-003,20.0,144.0,cq-guoyuan-port>sh-luchaogang-rail>sh-yangshan-port,rail+road,137.0,4840.0,174.94
uncapped,fixed,0,POL-CB-004,10.0,168.0,cq-guoyuan-port>sh-luchaogang-rail>sh-yangshan-port,rail+road,64.5,4820.0,87.47
uncapped,fixed,0,POL-CB-005,15.0,300.0,cq-guoyuan-port>sh-yangshan-port,water,264.0,1130.0,719.7
uncapped,fixed,0,POL-CB-006,10.0,96.0,cq-guoyuan-port>sh-luchaogang-rail>sh-yangshan-port,rail+road,64.5,4820.0,87.47
uncapped,fixed,0,POL-CB-007,15.0,72.0,cq-guoyuan-port>sh-luchaogang-rail>sh-yangshan-port,rail+road,64.75,4830.0,131.20499999999998
uncapped,fixed,0,POL-CB-008,20.0,144.0,cq-guoyuan-port>sh-luchaogang-rail>sh-yangshan-port,rail+road,113.0,4840.0,174.94
uncapped,fixed,0,POL-CB-009,20.0,276.0,cq-guoyuan-port>sh-yangshan-port,water,276.0,1400.0,959.6000000000001
uncapped,fixed,0,POL-CB-010,20.0,252.0,cq-guoyuan-port>sh-yangshan-port,water,252.0,1400.0,959.6000000000001
uncapped,fixed,0,POL-CB-011,15.0,168.0,cq-guoyuan-port>sh-luchaogang-rail>sh-yangshan-port,rail+road,136.75,4830.0,131.20499999999998
uncapped,fixed,0,POL-CB-012,10.0,96.0,cq-guoyuan-port>sh-luchaogang-rail>sh-yangshan-port,rail+road,64.5,4820.0,87.47
uncapped,fixed,0,POL-CB-013,10.0,96.0,cq-guoyuan-port>sh-luchaogang-rail>sh-yangshan-port,rail+road,88.5,4820.0,87.47
uncapped,fixed,0,POL-CB-014,15.0,96.0,cq-guoyuan-port>sh-luchaogang-rail>sh-yangshan-port,rail+road,64.75,4830.0,131.20499999999998
uncapped,fixed,0,POL-CB-015,15.0,324.0,cq-guoyuan-port>sh-yangshan-port,water,288.0,1130.0,719.7
uncapped,fixed,0,POL-CB-016,20.0,192.0,cq-guoyuan-port>sh-luchaogang-rail>sh-yangshan-port,rail+road,89.0,4840.0,174.94
uncapped,fixed,0,POL-CB-017,10.0,144.0,cq-guoyuan-port>sh-luchaogang-rail>sh-yangshan-port,rail+road,112.5,4820.0,87.47
uncapped,fixed,0,POL-CB-018,15.0,192.0,cq-guoyuan-port>sh-luchaogang-rail>sh-yangshan-port,rail+road,88.75,4830.0,131.20499999999998
uncapped,fixed,0,POL-CB-019,15.0,192.0,cq-guoyuan-port>sh-luchaogang-rail>sh-yangshan-port,rail+road,88.75,4830.0,131.20499999999998
uncapped,fixed,0,POL-CB-020,20.0,96.0,cq-guoyuan-port>sh-luchaogang-rail>sh-yangshan-port,rail+road,65.0,4840.0,174.94
uncapped,fixed,0,POL-CB-021,15.0,228.0,cq-guoyuan-port>sh-yangshan-port,water,228.0,1400.0,719.7
uncapped,fixed,0,POL-CB-022,10.0,264.0,cq-guoyuan-port>sh-yangshan-port,water,264.0,1130.0,479.80000000000007
uncapped,fixed,0,POL-CB-023,20.0,240.0,cq-guoyuan-port>sh-yangshan-port,water,240.0,1130.0,959.6000000000001
uncapped,fixed,0,POL-CB-024,20.0,240.0,cq-guoyuan-port>sh-luchaogang-rail>sh-yangshan-port,rail+road,137.0,4840.0,174.94
uncapped,fixed,0,POL-CB-025,10.0,168.0,cq-guoyuan-port>sh-luchaogang-rail>sh-yangshan-port,rail+road,136.5,4820.0,87.47
uncapped,fixed,0,POL-CB-026,20.0,288.0,cq-guoyuan-port>sh-yangshan-port,water,288.0,1130.0,959.6000000000001
uncapped,fixed,0,POL-CB-027,10.0,240.0,cq-guoyuan-port>sh-luchaogang-rail>sh-yangshan-port,rail+road,136.5,4820.0,87.47
uncapped,fixed,0,POL-CB-028,10.0,276.0,cq-guoyuan-port>sh-yangshan-port,water,240.0,1130.0,479.80000000000007
uncapped,fixed,0,POL-CB-029,15.0,72.0,cq-guoyuan-port>sh-luchaogang-rail>sh-yangshan-port,rail+road,64.75,4830.0,131.20499999999998
uncapped,fixed,0,POL-CB-030,15.0,120.0,cq-guoyuan-port>sh-luchaogang-rail>sh-yangshan-port,rail+road,112.75,4830.0,131.20499999999998
uncapped,fixed,0,POL-CB-031,10.0,96.0,cq-guoyuan-port>sh-luchaogang-rail>sh-yangshan-port,rail+road,64.5,4820.0,87.47
uncapped,fixed,0,POL-CB-032,10.0,312.0,cq-guoyuan-port>sh-yangshan-port,water,312.0,1130.0,479.80000000000007
uncapped,fixed,0,POL-CB-033,15.0,240.0,cq-guoyuan-port>sh-yangshan-port,water,240.0,1130.0,719.7
uncapped,fixed,0,POL-CB-034,20.0,168.0,cq-guoyuan-port>sh-luchaogang-rail>sh-yangshan-port,rail+road,65.0,4840.0,174.94
uncapped,fixed,0,POL-CB-035,20.0,144.0,cq-guoyuan-port>sh-luchaogang-rail>sh-yangshan-port,rail+road,113.0,4840.0,174.94
uncapped,fixed,0,POL-CB-036,10.0,168.0,cq-guoyuan-port>sh-luchaogang-rail>sh-yangshan-port,rail+road,64.5,4820.0,87.47
uncapped,fixed,0,POL-CB-037,15.0,168.0,cq-guoyuan-port>sh-luchaogang-rail>sh-yangshan-port,rail+road,64.75,4830.0,131.20499999999998
uncapped,fixed,0,POL-CB-038,15.0,168.0,cq-guoyuan-port>sh-luchaogang-rail>sh-yangshan-port,rail+road,64.75,4830.0,131.20499999999998
uncapped,fixed,0,POL-CB-039,20.0,240.0,cq-guoyuan-port>sh-yangshan-port,water,240.0,1130.0,959.6000000000001
uncapped,fixed,0,POL-CB-040,10.0,204.0,cq-guoyuan-port>sh-yangshan-port,water,204.0,1400.0,479.80000000000007
uncapped,fixed,0,POL-CB-041,10.0,96.0,cq-guoyuan-port>sh-luchaogang-rail>sh-yangshan-port,rail+road,64.5,4820.0,87.47
uncapped,fixed,0,POL-CB-042,20.0,120.0,cq-guoyuan-port>sh-luchaogang-rail>sh-yangshan-port,rail+road,89.0,4840.0,174.94
uncapped,fixed,0,POL-CB-043,20.0,276.0,cq-guoyuan-port>sh-yangshan-port,water,240.0,1130.0,959.6000000000001
uncapped,fixed,0,POL-CB-044,15.0,96.0,cq-guoyuan-port>sh-luchaogang-rail>sh-yangshan-port,rail+road,88.75,4830.0,131.20499999999998
uncapped,fixed,0,POL-CB-045,20.0,240.0,cq-guoyuan-port>sh-luchaogang-rail>sh-yangshan-port,rail+road,137.0,4840.0,174.94
uncapped,fixed,0,POL-CB-046,15.0,96.0,cq-guoyuan-port>sh-luchaogang-rail>sh-yangshan-port,rail+road,64.75,4830.0,131.20499999999998
uncapped,fixed,0,POL-CB-047,15.0,168.0,cq-guoyuan-port>sh-luchaogang-rail>sh-yangshan-port,rail+road,64.75,4830.0,131.20499999999998
20pct-cap,adaptive,11,POL-CB-000,10.0,72.0,cq-guoyuan-port>sh-luchaogang-rail>sh-yangshan-port,rail+road,64.5,4820.0,87.47
20pct-cap,adaptive,11,POL-CB-001,20.0,72.0,cq-guoyuan-port>sh-luchaogang-rail>sh-yangshan-port,rail+road,65.0,4840.0,174.94
20pct-cap,adaptive,11,POL-CB-002,10.0,168.0,cq-guoyuan-port>sh-luchaogang-rail>sh-yangshan-port,rail+road,136.5,4820.0,87.47
20pct-cap,adaptive,11,POL-CB-003,20.0,144.0,cq-guoyuan-port>sh-luchaogang-rail>sh-yangshan-port,rail+road,137.0,4840.0,174.94
20pct-cap,adaptive,11,POL-CB-004,10.0,168.0,cq-guoyuan-port>sh-luchaogang-rail>sh-yangshan-port,rail+road,64.5,4820.0,87.47
20pct-cap,adaptive,11,POL-CB-005,15.0,300.0,cq-guoyuan-port>sh-yangshan-port,water,264.0,1130.0,719.7
20pct-cap,adaptive,11,POL-CB-006,10.0,96.0,cq-guoyuan-port>sh-luchaogang-rail>sh-yangshan-port,rail+road,64.5,4820.0,87.47
20pct-cap,adaptive,11,POL-CB-007,15.0,72.0,cq-guoyuan-port>sh-luchaogang-rail>sh-yangshan-port,rail+road,64.75,4830.0,131.20499999999998
20pct-cap,adaptive,11,POL-CB-008,20.0,144.0,cq-guoyuan-port>sh-luchaogang-rail>sh-yangshan-port,rail+road,113.0,4840.0,174.94
20pct-cap,adaptive,11,POL-CB-009,20.0,276.0,cq-guoyuan-port>sh-luchaogang-rail>sh-yangshan-port,rail+road,137.0,4840.0,174.94
20pct-cap,adaptive,11,POL-CB-010,20.0,252.0,cq-guoyuan-port>sh-luchaogang-rail>sh-yangshan-port,rail+road,113.0,4840.0,174.94
20pct-cap,adaptive,11,POL-CB-011,15.0,168.0,cq-guoyuan-port>sh-luchaogang-rail>sh-yangshan-port,rail+road,136.75,4830.0,131.20499999999998
20pct-cap,adaptive,11,POL-CB-012,10.0,96.0,cq-guoyuan-port>sh-luchaogang-rail>sh-yangshan-port,rail+road,64.5,4820.0,87.47
20pct-cap,adaptive,11,POL-CB-013,10.0,96.0,cq-guoyuan-port>sh-luchaogang-rail>sh-yangshan-port,rail+road,88.5,4820.0,87.47
20pct-cap,adaptive,11,POL-CB-014,15.0,96.0,cq-guoyuan-port>sh-luchaogang-rail>sh-yangshan-port,rail+road,64.75,4830.0,131.20499999999998
20pct-cap,adaptive,11,POL-CB-015,15.0,324.0,cq-guoyuan-port>sh-yangshan-port,water,288.0,1130.0,719.7
20pct-cap,adaptive,11,POL-CB-016,20.0,192.0,cq-guoyuan-port>sh-luchaogang-rail>sh-yangshan-port,rail+road,89.0,4840.0,174.94
20pct-cap,adaptive,11,POL-CB-017,10.0,144.0,cq-guoyuan-port>sh-luchaogang-rail>sh-yangshan-port,rail+road,112.5,4820.0,87.47
20pct-cap,adaptive,11,POL-CB-018,15.0,192.0,cq-guoyuan-port>sh-luchaogang-rail>sh-yangshan-port,rail+road,88.75,4830.0,131.20499999999998
20pct-cap,adaptive,11,POL-CB-019,15.0,192.0,cq-guoyuan-port>sh-luchaogang-rail>sh-yangshan-port,rail+road,88.75,4830.0,131.20499999999998
20pct-cap,adaptive,11,POL-CB-020,20.0,96.0,cq-guoyuan-port>sh-luchaogang-rail>sh-yangshan-port,rail+road,65.0,4840.0,174.94
20pct-cap,adaptive,11,POL-CB-021,15.0,228.0,cq-guoyuan-port>sh-yangshan-port,water,228.0,1400.0,719.7
20pct-cap,adaptive,11,POL-CB-022,10.0,264.0,cq-guoyuan-port>sh-yangshan-port,water,264.0,1130.0,479.80000000000007
20pct-cap,adaptive,11,POL-CB-023,20.0,240.0,cq-guoyuan-port>sh-luchaogang-rail>sh-yangshan-port,rail+road,65.0,4840.0,174.94
20pct-cap,adaptive,11,POL-CB-024,20.0,240.0,cq-guoyuan-port>sh-luchaogang-rail>sh-yangshan-port,rail+road,137.0,4840.0,174.94
20pct-cap,adaptive,11,POL-CB-025,10.0,168.0,cq-guoyuan-port>sh-luchaogang-rail>sh-yangshan-port,rail+road,136.5,4820.0,87.47
20pct-cap,adaptive,11,POL-CB-026,20.0,288.0,cq-guoyuan-port>sh-luchaogang-rail>sh-yangshan-port,rail+road,113.0,4840.0,174.94
20pct-cap,adaptive,11,POL-CB-027,10.0,240.0,cq-guoyuan-port>sh-luchaogang-rail>sh-yangshan-port,rail+road,136.5,4820.0,87.47
20pct-cap,adaptive,11,POL-CB-028,10.0,276.0,cq-guoyuan-port>sh-yangshan-port,water,240.0,1130.0,479.80000000000007
20pct-cap,adaptive,11,POL-CB-029,15.0,72.0,cq-guoyuan-port>sh-luchaogang-rail>sh-yangshan-port,rail+road,64.75,4830.0,131.20499999999998
20pct-cap,adaptive,11,POL-CB-030,15.0,120.0,cq-guoyuan-port>sh-luchaogang-rail>sh-yangshan-port,rail+road,112.75,4830.0,131.20499999999998
20pct-cap,adaptive,11,POL-CB-031,10.0,96.0,cq-guoyuan-port>sh-luchaogang-rail>sh-yangshan-port,rail+road,64.5,4820.0,87.47
20pct-cap,adaptive,11,POL-CB-032,10.0,312.0,cq-guoyuan-port>sh-yangshan-port,water,312.0,1130.0,479.80000000000007
20pct-cap,adaptive,11,POL-CB-033,15.0,240.0,cq-guoyuan-port>sh-yangshan-port,water,240.0,1130.0,719.7
20pct-cap,adaptive,11,POL-CB-034,20.0,168.0,cq-guoyuan-port>sh-luchaogang-rail>sh-yangshan-port,rail+road,65.0,4840.0,174.94
20pct-cap,adaptive,11,POL-CB-035,20.0,144.0,cq-guoyuan-port>sh-luchaogang-rail>sh-yangshan-port,rail+road,113.0,4840.0,174.94
20pct-cap,adaptive,11,POL-CB-036,10.0,168.0,cq-guoyuan-port>sh-luchaogang-rail>sh-yangshan-port,rail+road,64.5,4820.0,87.47
20pct-cap,adaptive,11,POL-CB-037,15.0,168.0,cq-guoyuan-port>sh-luchaogang-rail>sh-yangshan-port,rail+road,64.75,4830.0,131.20499999999998
20pct-cap,adaptive,11,POL-CB-038,15.0,168.0,cq-guoyuan-port>sh-luchaogang-rail>sh-yangshan-port,rail+road,64.75,4830.0,131.20499999999998
20pct-cap,adaptive,11,POL-CB-039,20.0,240.0,cq-guoyuan-port>sh-yangshan-port,water,240.0,1130.0,959.6000000000001
20pct-cap,adaptive,11,POL-CB-040,10.0,204.0,cq-guoyuan-port>sh-yangshan-port,water,204.0,1400.0,479.80000000000007
20pct-cap,adaptive,11,POL-CB-041,10.0,96.0,cq-guoyuan-port>sh-luchaogang-rail>sh-yangshan-port,rail+road,64.5,4820.0,87.47
20pct-cap,adaptive,11,POL-CB-042,20.0,120.0,cq-guoyuan-port>sh-luchaogang-rail>sh-yangshan-port,rail+road,89.0,4840.0,174.94
20pct-cap,adaptive,11,POL-CB-043,20.0,276.0,cq-guoyuan-port>sh-yangshan-port,water,240.0,1130.0,959.6000000000001
20pct-cap,adaptive,11,POL-CB-044,15.0,96.0,cq-guoyuan-port>sh-luchaogang-rail>sh-yangshan-port,rail+road,88.75,4830.0,131.20499999999998
20pct-cap,adaptive,11,POL-CB-045,20.0,240.0,cq-guoyuan-port>sh-luchaogang-rail>sh-yangshan-port,rail+road,137.0,4840.0,174.94
20pct-cap,adaptive,11,POL-CB-046,15.0,96.0,cq-guoyuan-port>sh-luchaogang-rail>sh-yangshan-port,rail+road,64.75,4830.0,131.20499999999998
20pct-cap,adaptive,11,POL-CB-047,15.0,168.0,cq-guoyuan-port>sh-luchaogang-rail>sh-yangshan-port,rail+road,64.75,4830.0,131.20499999999998
