scenario_id,demand,time_profile,carbon_price_cny_per_tco2e,reduction_target,baseline_emissions_kg,emission_cap_kg,orders,tonnes,screening_seed,feasible,total_cost_cny,noncarbon_cost_cny,carbon_cost_cny,emissions_kg,transport_work_tonne_km,emissions_kg_per_tonne_km,constraint_violation,emission_violation,emissions_excess_kg,cost_premium_percent,operating_cost_premium_percent,achieved_reduction_percent,average_abatement_cost_cny_per_tco2e
low-tight-c0-r0,low,tight,0,0,3192.654999999999,3192.654999999999,24,365.0,70,True,115930.0,115930.0,0.0,3192.654999999999,648970.0,0.004919572553430819,0.0,0.0,0.0,0.0,0.0,0.0,
low-tight-c0-r9p5,low,tight,0,0.095,3192.654999999999,2889.352774999999,24,365.0,70,False,115930.0,115930.0,0.0,3192.654999999999,648970.0,0.004919572553430819,0.10497237569060774,0.10497237569060774,303.3022249999999,0.0,0.0,0.0,
low-tight-c0-r20p0,low,tight,0,0.2,3192.654999999999,2554.1239999999993,24,365.0,70,False,115930.0,115930.0,0.0,3192.654999999999,648970.0,0.004919572553430819,0.24999999999999986,0.24999999999999986,638.5309999999995,0.0,0.0,0.0,
low-tight-c0-r30p0,low,tight,0,0.3,3192.654999999999,2234.858499999999,24,365.0,70,False,115930.0,115930.0,0.0,3192.654999999999,648970.0,0.004919572553430819,0.42857142857142877,0.42857142857142877,957.7964999999999,0.0,0.0,0.0,
low-tight-c97p49-r0,low,tight,97.49,0,3192.654999999999,3192.654999999999,24,365.0,70,True,116241.25193595,115930.0,311.25193594999985,3192.654999999999,648970.0,0.004919572553430819,0.0,0.0,0.0,0.0,0.0,0.0,
low-tight-c97p49-r9p5,low,tight,97.49,0.095,3192.654999999999,2889.352774999999,24,365.0,70,False,116241.25193595,115930.0,311.25193594999985,3192.654999999999,648970.0,0.004919572553430819,0.10497237569060774,0.10497237569060774,303.3022249999999,0.0,0.0,0.0,
low-tight-c97p49-r20p0,low,tight,97.49,0.2,3192.654999999999,2554.1239999999993,24,365.0,70,False,116241.25193595,115930.0,311.25193594999985,3192.654999999999,648970.0,0.004919572553430819,0.24999999999999986,0.24999999999999986,638.5309999999995,0.0,0.0,0.0,
low-tight-c97p49-r30p0,low,tight,97.49,0.3,3192.654999999999,2234.858499999999,24,365.0,70,False,116241.25193595,115930.0,311.25193594999985,3192.654999999999,648970.0,0.004919572553430819,0.42857142857142877,0.42857142857142877,957.7964999999999,0.0,0.0,0.0,
low-tight-c6000-r0,low,tight,6000,0,3192.654999999999,3192.654999999999,24,365.0,70,True,135085.93,115930.0,19155.929999999993,3192.654999999999,648970.0,0.004919572553430819,0.0,0.0,0.0,0.0,0.0,0.0,
low-tight-c6000-r9p5,low,tight,6000,0.095,3192.654999999999,2889.352774999999,24,365.0,70,False,135085.93,115930.0,19155.929999999993,3192.654999999999,648970.0,0.004919572553430819,0.10497237569060774,0.10497237569060774,303.3022249999999,0.0,0.0,0.0,
low-tight-c6000-r20p0,low,tight,6000,0.2,3192.654999999999,2554.1239999999993,24,365.0,70,False,135085.93,115930.0,19155.929999999993,3192.654999999999,648970.0,0.004919572553430819,0.24999999999999986,0.24999999999999986,638.5309999999995,0.0,0.0,0.0,
low-tight-c6000-r30p0,low,tight,6000,0.3,3192.654999999999,2234.858499999999,24,365.0,70,False,135085.93,115930.0,19155.929999999993,3192.654999999999,648970.0,0.004919572553430819,0.42857142857142877,0.42857142857142877,957.7964999999999,0.0,0.0,0.0,
low-balanced-c0-r0,low,balanced,0,0,8837.705,8837.705,24,360.0,70,True,80280.0,80280.0,0.0,8837.705,730125.0,0.01210437253894881,0.0,0.0,0.0,0.0,0.0,0.0,
low-balanced-c0-r9p5,low,balanced,0,0.095,8837.705,7998.123025,24,360.0,70,True,87130.0,87130.0,0.0,7856.880000000001,714600.0,0.010994794290512176,0.0,0.0,0.0,8.532635774788243,8.532635774788243,11.098186689870266,6983.916600820746
low-balanced-c0-r20p0,low,balanced,0,0.2,8837.705,7070.164000000001,24,360.0,70,True,90580.0,90580.0,0.0,6876.055000000001,699075.0,0.009835933197439476,0.0,0.0,0.0,12.830094668659697,12.830094668659697,22.196373379740542,5250.681823974719
low-balanced-c0-r30p0,low,balanced,0,0.3,8837.705,6186.393499999999,24,360.0,70,True,94290.0,94290.0,0.0,6091.395,686655.0,0.008871114315049044,0.0,0.0,0.0,17.45142002989537,17.45142002989537,31.07492273163677,5101.390593195962
low-balanced-c97p49-r0,low,balanced,97.49,0,8837.705,8837.705,24,360.0,70,True,81141.58786045,80280.0,861.5878604499999,8837.705,730125.0,0.01210437253894881,0.0,0.0,0.0,0.0,0.0,0.0,
low-balanced-c97p49-r9p5,low,balanced,97.49,0.095,8837.705,7998.123025,24,360.0,70,True,87877.7189795,87150.0,727.7189795,7464.550000000001,708390.0,0.010537345247674305,0.0,0.0,0.0,8.301699900962035,8.55754857997011,15.537461365818375,5003.076855853859
low-balanced-c97p49-r20p0,low,balanced,97.49,0.2,8837.705,7070.164000000001,24,360.0,70,True,91250.34660195,90580.0,670.34660195,6876.055000000001,699075.0,0.009835933197439476,0.0,0.0,0.0,12.458172200038021,12.830094668659697,22.196373379740542,5250.681823974719
low-balanced-c97p49-r30p0,low,balanced,97.49,0.3,8837.705,6186.393499999999,24,360.0,70,True,94883.85009855,94290.0,593.85009855,6091.395,686655.0,0.008871114315049044,0.0,0.0,0.0,16.93615148588712,17.45142002989537,31.07492273163677,5101.390593195962
low-balanced-c6000-r0,low,balanced,6000,0,4718.24,4718.24,24,360.0,70,True,129739.44,101430.0,28309.44,4718.24,664920.0,0.0070959513926487396,0.0,0.0,0.0,0.0,0.0,0.0,
low-balanced-c6000-r9p5,low,balanced,6000,0.095,4718.24,4270.0072,24,360.0,70,True,132141.47999999998,108540.0,23601.479999999996,3933.5799999999995,652500.0,0.00602847509578544,0.0,0.0,0.0,1.851433920171064,7.009760425909484,16.6303536912069,9061.24945836413
low-balanced-c6000-r20p0,low,balanced,6000,0.2,4718.24,3774.592,24,360.0,70,True,133477.5,112230.0,21247.499999999993,3541.249999999999,646290.0,0.005479351374769839,0.0,0.0,0.0,2.88120559176146,10.64773735581188,24.945530536810352,9175.948818596584
low-balanced-c6000-r30p0,low,balanced,6000,0.3,4718.24,3302.7679999999996,24,360.0,70,True,134813.52,115920.0,18893.519999999997,3148.919999999999,640080.0,0.00491957255343082,0.0,0.0,0.0,3.9109772633518336,14.28571428571428,33.2607073824138,9233.298498712815
low-relaxed-c0-r0,low,relaxed,0,0,12193.735,12193.735,24,340.0,70,True,57500.0,57500.0,0.0,12193.735,750455.0,0.01624845593673172,0.0,0.0,0.0,0.0,0.0,0.0,
low-relaxed-c0-r9p5,low,relaxed,0,0.095,12193.735,11035.330175000001,24,340.0,72,True,64360.0,64360.0,0.0,11016.745,731825.0,0.015053797014313532,0.0,0.0,0.0,11.930434782608689,11.930434782608689,9.652415769245435,5828.426749590057
low-relaxed-c0-r20p0,low,relaxed,0,0.2,12193.735,9754.988000000001,24,340.0,70,True,71770.0,71770.0,0.0,9643.59,710090.0,0.013580799616949964,0.0,0.0,0.0,24.817391304347836,24.817391304347836,20.91356750003178,5595.76024108433
low-relaxed-c0-r30p0,low,relaxed,0,0.3,12193.735,8535.6145,24,340.0,70,True,75500.0,75500.0,0.0,8466.6,691460.0,0.012244526075261043,0.0,0.0,0.0,31.304347826086953,31.304347826086953,30.565983269277215,4829.446746629784
low-relaxed-c97p49-r0,low,relaxed,97.49,0,12193.735,12193.735,24,340.0,70,True,58688.76722515,57500.0,1188.76722515,12193.735,750455.0,0.01624845593673172,0.0,0.0,0.0,0.0,0.0,0.0,
low-relaxed-c97p49-r9p5,low,relaxed,97.49,0.095,12193.735,11035.330175000001,24,340.0,70,True,65424.8983442,64370.0,1054.8983441999999,10820.58,728720.0,0.014848748490503896,0.0,0.0,0.0,11.477717862445335,11.947826086956525,11.261151730786347,5003.076855853853
low-relaxed-c97p49-r20p0,low,relaxed,97.49,0.2,12193.735,9754.988000000001,24,340.0,72,True,72701.02946325,71780.0,921.0294632499998,9447.425,706985.0,0.013362977998118772,0.0,0.0,0.0,23.87554365274742,24.834782608695647,22.522303461572694,5199.704330538065
low-relaxed-c97p49-r30p0,low,relaxed,97.49,0.3,12193.735,8535.6145,24,340.0,70,True,76325.408834,75500.0,825.408834,8466.6,691460.0,0.012244526075261043,0.0,0.0,0.0,30.051136601983597,31.304347826086953,30.565983269277215,4829.446746629784
low-relaxed-c6000-r0,low,relaxed,6000,0,6897.28,6897.28,24,340.0,70,True,124303.68,82920.0,41383.68,6897.28,666620.0,0.010346644265098556,0.0,0.0,0.0,0.0,0.0,0.0,
low-relaxed-c6000-r9p5,low,relaxed,6000,0.095,6897.28,6242.0384,24,340.0,71,True,124641.73999999999,90320.0,34321.74,5720.29,647990.0,0.008827744255312582,0.0,0.0,0.0,0.27196298613203496,8.924264351181854,17.06455298320497,6287.224190519886
low-relaxed-c6000-r20p0,low,relaxed,6000,0.2,6897.28,5517.8240000000005,24,340.0,70,True,125707.76000000001,93740.0,31967.760000000002,5327.96,641780.0,0.008301847985290909,0.0,0.0,0.0,1.12955626092488,13.048721659430784,22.75273731093996,6894.7059873066055
low-relaxed-c6000-r30p0,low,relaxed,6000,0.3,6897.28,4828.096,24,340.0,71,True,128379.79999999999,101120.0,27259.799999999996,4543.299999999999,629360.0,0.007218920808440319,0.0,0.0,0.0,3.279162772976618,21.948866377231056,34.12910596640996,7731.586504558236
central-tight-c0-r0,central,tight,0,0,15947.414999999994,15947.414999999994,48,725.0,71,True,272490.0,272490.0,0.0,15947.414999999994,1282410.0,0.012435504245911989,0.0,0.0,0.0,0.0,0.0,0.0,
central-tight-c0-r9p5,central,tight,0,0.095,15947.414999999994,14432.410574999994,48,725.0,71,False,272520.0,272520.0,0.0,14146.319999999994,1283655.0,0.01102034425137595,0.015384615384615385,0.0,0.0,0.011009578333154302,0.011009578333154302,11.293962062190017,16.656533941852047
central-tight-c0-r20p0,central,tight,0,0.2,15947.414999999994,12757.931999999995,48,725.0,70,False,272550.0,272550.0,0.0,12345.224999999995,1284900.0,0.0096079266869017,0.038461538461538464,0.0,0.0,0.022019156666308604,0.022019156666308604,22.587924124380034,16.656533941852047
central-tight-c0-r30p0,central,tight,0,0.3,15947.414999999994,11163.190499999995,48,725.0,71,False,262370.0,262370.0,0.0,11144.494999999995,1285730.0,0.008667834615354697,0.07657342657342658,0.0,0.0,-3.7138977577158783,-3.7138977577158783,30.117232165840047,-2107.0515436442843
central-tight-c97p49-r0,central,tight,97.49,0,15347.049999999994,15347.049999999994,48,725.0,71,True,284196.1839045,282700.0,1496.1839044999992,15347.049999999994,1282825.0,0.011963479040399114,0.0,0.0,0.0,0.0,0.0,0.0,
central-tight-c97p49-r9p5,central,tight,97.49,0.095,15347.049999999994,13889.080249999995,48,725.0,70,False,273850.59515295,272530.0,1320.5951529499994,13545.954999999994,1284070.0,0.010549234076023888,0.023076923076923078,0.0,0.0,-3.6402982648867988,-3.597453130527062,11.735773324515135,-5646.565006287844
central-tight-c97p49-r20p0,central,tight,97.49,0.2,15347.049999999994,12277.639999999996,48,725.0,70,False,273753.53598525,272550.0,1203.5359852499996,12345.224999999997,1284900.0,0.009607926686901701,0.04396626086747323,0.00550472240593477,67.58500000000095,-3.674450436237753,-3.590378493102231,19.559622207525212,-3381.2763901959675
central-tight-c97p49-r30p0,central,tight,97.49,0.3,15347.049999999994,10742.934999999996,48,725.0,70,False,263407.9472337,262380.0,1027.9472336999995,10544.129999999996,1286145.0,0.008198243588397883,0.08426573426573428,0.0,0.0,-7.314748701124552,-7.187831623629293,31.29539553204036,-4230.75962123042
central-tight-c6000-r0,central,tight,6000,0,15347.049999999994,15347.049999999994,48,725.0,72,True,374782.29999999993,282700.0,92082.29999999996,15347.049999999994,1282825.0,0.011963479040399114,0.0,0.0,0.0,0.0,0.0,0.0,
central-tight-c6000-r9p5,central,tight,6000,0.095,15347.049999999994,13889.080249999995,48,725.0,70,False,353805.73,272530.0,81275.72999999997,13545.954999999994,1284070.0,0.010549234076023888,0.023076923076923078,0.0,0.0,-5.597001245789879,-3.597453130527062,11.735773324515135,-5646.565006287844
central-tight-c6000-r20p0,central,tight,6000,0.2,15347.049999999994,12277.639999999996,48,725.0,70,False,346621.35,272550.0,74071.34999999998,12345.224999999997,1284900.0,0.009607926686901701,0.04396626086747323,0.00550472240593477,67.58500000000095,-7.513948764389344,-3.590378493102231,19.559622207525212,-3381.2763901959675
central-tight-c6000-r30p0,central,tight,6000,0.3,15347.049999999994,10742.934999999996,48,725.0,70,False,325644.77999999997,262380.0,63264.77999999997,10544.129999999996,1286145.0,0.008198243588397883,0.08426573426573428,0.0,0.0,-13.110950010179234,-7.187831623629293,31.29539553204036,-4230.75962123042
central-balanced-c0-r0,central,balanced,0,0,14929.099999999997,14929.099999999997,48,720.0,70,True,181100.0,181100.0,0.0,14929.099999999997,1416780.0,0.010537345247674301,0.0,0.0,0.0,0.0,0.0,0.0,
central-balanced-c0-r9p5,central,balanced,0,0.095,14929.099999999997,13510.835499999997,48,720.0,70,True,191410.0,191410.0,0.0,12771.285000000002,1382625.0,0.009236983997830215,0.0,0.0,0.0,5.69298729983434,5.69298729983434,14.453751398275822,4777.981430289447
central-balanced-c0-r20p0,central,balanced,0,0.2,14929.099999999997,11943.279999999999,48,720.0,70,True,198800.0,198800.0,0.0,11790.46,1367100.0,0.008624431277887498,0.0,0.0,0.0,9.7736057426836,9.7736057426836,21.023638397492135,5639.3852114291585
central-balanced-c0-r30p0,central,balanced,0,0.3,14929.099999999997,10450.369999999997,48,720.0,70,True,205940.0,205940.0,0.0,10417.305,1345365.0,0.007743106889208505,0.0,0.0,0.0,13.716178906681398,13.716178906681398,30.221480196394946,5505.569291157958
central-balanced-c97p49-r0,central,balanced,97.49,0,14929.099999999997,14929.099999999997,48,720.0,70,True,182555.437959,181100.0,1455.4379589999996,14929.099999999997,1416780.0,0.010537345247674301,0.0,0.0,0.0,0.0,0.0,0.0,
central-balanced-c97p49-r9p5,central,balanced,97.49,0.095,14929.099999999997,13510.835499999997,48,720.0,70,True,189282.4449522,187980.0,1302.4449522,13359.78,1391940.0,0.009597956808483125,0.0,0.0,0.0,3.6849118648061285,3.7990060739922615,10.511819198746048,4384.064435551715
central-balanced-c97p49-r20p0,central,balanced,97.49,0.2,14929.099999999997,11943.279999999999,48,720.0,71,True,199670.32781955,198540.0,1130.32781955,11594.295,1363995.0,0.008500247434924614,0.0,0.0,0.0,9.37517394819749,9.630038652678085,22.33761579733539,5229.69109138316
central-balanced-c97p49-r30p0,central,balanced,97.49,0.3,14929.099999999997,10450.369999999997,48,720.0,71,True,203825.58306445,202810.0,1015.5830644499998,10417.304999999998,1345365.0,0.007743106889208503,0.0,0.0,0.0,11.651334708652762,11.987852015461065,30.221480196394957,4811.832097867923
central-balanced-c6000-r0,central,balanced,6000,0,9632.644999999999,9632.644999999999,48,720.0,70,True,264045.87,206250.0,57795.869999999995,9632.644999999999,1332945.0,0.007226588493898847,0.0,0.0,0.0,0.0,0.0,0.0,
central-balanced-c6000-r9p5,central,balanced,6000,0.095,9632.644999999999,8717.543725,48,720.0,70,False,268950.92,217040.0,51910.92,8651.82,1317420.0,0.006567245069909368,0.015384615384615385,0.0,0.0,1.85765071803623,5.231515151515143,10.182301953409464,11000.94308362859
central-balanced-c6000-r20p0,central,balanced,6000,0.2,9632.644999999999,7706.115999999999,48,720.0,70,False,264552.95999999996,217350.0,47202.95999999999,7867.159999999998,1305000.0,0.006028475095785439,0.06705205220213287,0.02089820604828671,161.04399999999896,0.19204617743120433,5.3818181818181765,18.32814351613706,6287.224190519883
central-balanced-c6000-r30p0,central,balanced,6000,0.3,9632.644999999999,6742.851499999999,48,720.0,70,False,268291.01999999996,228150.0,40141.01999999998,6690.169999999997,1286370.0,0.005200813140853718,0.1604895104895105,0.0,0.0,1.6077320201978385,10.618181818181816,30.546905860228442,7442.714041750563
central-relaxed-c0-r0,central,relaxed,0,0,26460.385,26460.385,48,760.0,70,True,112230.0,112230.0,0.0,26460.385,1664885.0,0.015893220853091954,0.0,0.0,0.0,0.0,0.0,0.0,
central-relaxed-c0-r9p5,central,relaxed,0,0.095,26460.385,23946.648425,48,760.0,72,True,126230.0,126230.0,0.0,23910.24,1624520.0,0.014718341417772635,0.0,0.0,0.0,12.474382963556984,12.474382963556984,9.637595976022258,5489.883908562069
central-relaxed-c0-r20p0,central,relaxed,0,0.2,26460.385,21168.308,48,760.0,72,True,140240.0,140240.0,0.0,21163.930000000004,1581050.0,0.013385996647797353,0.0,0.0,0.0,24.957676200659364,24.957676200659364,20.016545488661617,5288.44293022409
central-relaxed-c0-r30p0,central,relaxed,0,0.3,26460.385,18522.2695,48,760.0,70,True,155330.0,155330.0,0.0,18417.620000000003,1537580.0,0.011978316575397704,0.0,0.0,0.0,38.40327898066471,38.40327898066471,30.395495001300986,5358.853578340288
central-relaxed-c97p49-r0,central,relaxed,97.49,0,26460.385,26460.385,48,760.0,70,True,114809.62293365,112230.0,2579.6229336499996,26460.385,1664885.0,0.015893220853091954,0.0,0.0,0.0,0.0,0.0,0.0,
central-relaxed-c97p49-r9p5,central,relaxed,97.49,0.095,26460.385,23946.648425,48,760.0,70,True,128821.88517175,126510.0,2311.8851717499997,23714.075,1621415.0,0.014625543121286038,0.0,0.0,0.0,12.204780296332718,12.723870622828116,10.378949512639359,5199.704330538072
central-relaxed-c97p49-r20p0,central,relaxed,97.49,0.2,26460.385,21168.308,48,760.0,72,True,139164.14740985,137120.0,2044.1474098500005,20967.765000000007,1577945.0,0.013288020178143095,0.0,0.0,0.0,21.212964430929993,22.177670854495226,20.757899025278704,4531.535041564871
central-relaxed-c97p49-r30p0,central,relaxed,97.49,0.3,26460.385,18522.2695,48,760.0,72,True,153725.5337738,151930.0,1795.5337737999998,18417.62,1537580.0,0.011978316575397703,0.0,0.0,0.0,33.8960357553304,35.373785975229445,30.395495001300997,4936.113388865645
central-relaxed-c6000-r0,central,relaxed,6000,0,16259.804999999998,16259.804999999998,48,760.0,70,True,256398.83,158840.0,97558.82999999999,16259.804999999998,1503425.0,0.01081517534961837,0.0,0.0,0.0,0.0,0.0,0.0,
central-relaxed-c6000-r9p5,central,relaxed,6000,0.095,16259.804999999998,14715.123524999999,48,760.0,70,True,256905.91999999998,169940.0,86965.91999999998,14494.319999999996,1475480.0,0.00982346083986228,0.0,0.0,0.0,0.19777391339890205,6.988164190380264,10.857971543939197,6287.224190519877
central-relaxed-c6000-r20p0,central,relaxed,6000,0.2,16259.804999999998,13007.844,48,760.0,72,True,257413.00999999998,181040.0,76373.00999999998,12728.834999999995,1447535.0,0.008793455771363038,0.0,0.0,0.0,0.3955478267978041,13.976328380760506,21.71594308787838,6287.22419051988
central-relaxed-c6000-r30p0,central,relaxed,6000,0.3,16259.804999999998,11381.863499999998,48,760.0,72,True,262217.08999999997,195260.0,66957.08999999997,11159.514999999996,1422695.0,0.00784392649162329,0.0,0.0,0.0,2.269222523363301,22.928733316544946,31.36747334915765,7140.77042677965
high-tight-c0-r0,high,tight,0,0,65531.19000000007,65531.19000000007,72,1040.0,72,True,632340.0,632340.0,0.0,65531.19000000007,1810110.0,0.0362028771732105,0.0,0.0,0.0,0.0,0.0,0.0,
high-tight-c0-r9p5,high,tight,0,0.095,65531.19000000007,59305.72695000006,72,1040.0,72,True,632450.0,632450.0,0.0,58927.17500000002,1814675.0,0.03247257773430505,0.0,0.0,0.0,0.017395704842337878,0.017395704842337878,10.07766683315234,16.656533941851915
high-tight-c0-r20p0,high,tight,0,0.2,65531.19000000007,52424.952000000056,72,1040.0,71,False,632560.0,632560.0,0.0,52323.16000000002,1819240.0,0.02876099909852467,0.046153846153846156,0.0,0.0,0.03479140968465355,0.03479140968465355,20.155333666304603,16.656533941851976
high-tight-c0-r30p0,high,tight,0,0.3,65531.19000000007,45871.83300000004,72,1040.0,70,False,632570.0,632570.0,0.0,51722.79499999999,1819655.0,0.028424506293775464,0.18139636532342232,0.12755021147726847,5850.961999999949,0.036372837397613544,0.036372837397613544,21.071485196591215,16.656533941851947
high-tight-c97p49-r0,high,tight,97.49,0,55925.35000000002,55925.35000000002,72,1040.0,72,True,637952.1623715,632500.0,5452.162371500001,55925.35000000002,1816750.0,0.030783184257602875,0.0,0.0,0.0,0.0,0.0,0.0,
high-tight-c97p49-r9p5,high,tight,97.49,0.095,55925.35000000002,50612.44175000002,72,1040.0,71,False,637563.9257007,632580.0,4983.925700700001,51122.43000000001,1820070.0,0.028088166938634234,0.0716148030933518,0.010076341554890254,509.9882499999876,-0.06085670583148017,0.01264822134388055,8.588091089282429,16.656533941851997
high-tight-c97p49-r20p0,high,tight,97.49,0.2,55925.35000000002,44740.28000000002,72,1040.0,71,False,637418.33694915,632610.0,4808.336949150002,49321.33500000002,1821315.0,0.027080068521919614,0.18700756901834317,0.10239218440295855,4581.055,-0.08367797051830328,0.017391304347835757,11.808625247763308,16.656533941852043
high-tight-c97p49-r30p0,high,tight,97.49,0.3,55925.35000000002,39147.74500000001,72,1040.0,70,False,585641.86360755,581770.0,3871.8636075499994,39715.494999999995,1827955.0,0.021726735614388756,0.3358314223811262,0.01450275105245488,567.7499999999854,-8.199721209423227,-8.020553359683792,28.984807426328167,-3129.5776550746396
high-tight-c6000-r0,high,tight,6000,0,55925.35000000002,55925.35000000002,72,1040.0,71,True,968052.1000000001,632500.0,335552.1000000001,55925.35000000002,1816750.0,0.030783184257602875,0.0,0.0,0.0,0.0,0.0,0.0,
high-tight-c6000-r9p5,high,tight,6000,0.095,55925.35000000002,50612.44175000002,72,1040.0,71,False,939314.5800000001,632580.0,306734.5800000001,51122.43000000001,1820070.0,0.028088166938634234,0.0716148030933518,0.010076341554890254,509.9882499999876,-2.9685922896092065,0.01264822134388055,8.588091089282429,16.656533941851997
high-tight-c6000-r20p0,high,tight,6000,0.2,55925.35000000002,44740.28000000002,72,1040.0,71,False,928538.0100000001,632610.0,295928.0100000001,49321.33500000002,1821315.0,0.027080068521919614,0.18700756901834317,0.10239218440295855,4581.055,-4.081814398212657,0.017391304347835757,11.808625247763308,16.656533941852043
high-tight-c6000-r30p0,high,tight,6000,0.3,55925.35000000002,39147.74500000001,72,1040.0,70,False,820062.97,581770.0,238292.96999999997,39715.494999999995,1827955.0,0.021726735614388756,0.3358314223811262,0.01450275105245488,567.7499999999854,-15.28731046603794,-8.020553359683792,28.984807426328167,-3129.5776550746396
high-balanced-c0-r0,high,balanced,0,0,26881.650000000012,26881.650000000012,72,1010.0,70,True,236710.0,236710.0,0.0,26881.650000000012,2081440.0,0.012914929087554776,0.0,0.0,0.0,0.0,0.0,0.0,
high-balanced-c0-r9p5,high,balanced,0,0.095,26881.650000000012,24327.893250000012,72,1010.0,70,False,247570.0,247570.0,0.0,24527.670000000013,2044180.0,0.011998781907659802,0.008211839305074261,0.008211839305074261,199.7767500000009,4.587892357737311,4.587892357737311,8.756828542890776,4613.46315601662
high-balanced-c0-r20p0,high,balanced,0,0.2,26881.650000000012,21505.32000000001,72,1010.0,72,False,254710.0,254710.0,0.0,23154.515000000007,2022445.0,0.011448773637849241,0.1221423138764985,0.07668776842195305,1649.194999999996,7.6042414769126765,7.6042414769126765,13.864978526243753,4829.4467466297765
high-balanced-c0-r30p0,high,balanced,0,0.3,26881.650000000012,18817.155000000006,72,1010.0,71,False,254440.0,254440.0,0.0,23154.515000000014,2022445.0,0.011448773637849245,0.2759548522224924,0.23050030676794694,4337.360000000008,7.490177854758984,7.490177854758984,13.864978526243727,4757.005045430339
high-balanced-c97p49-r0,high,balanced,97.49,0,26881.650000000012,26881.650000000012,72,1010.0,70,True,239330.6920585,236710.0,2620.692058500001,26881.650000000012,2081440.0,0.012914929087554776,0.0,0.0,0.0,0.0,0.0,0.0,
high-balanced-c97p49-r9p5,high,balanced,97.49,0.095,26881.650000000012,24327.893250000012,72,1010.0,70,False,249961.2025483,247570.0,2391.202548300001,24527.670000000013,2044180.0,0.011998781907659802,0.008211839305074261,0.008211839305074261,199.7767500000009,4.441766494036448,4.587892357737311,8.756828542890776,4613.46315601662
high-balanced-c97p49-r20p0,high,balanced,97.49,0.2,26881.650000000012,21505.32000000001,72,1010.0,72,False,256967.33366735,254710.0,2257.3336673500007,23154.515000000007,2022445.0,0.011448773637849241,0.1221423138764985,0.07668776842195305,1649.194999999996,7.369151635820725,7.6042414769126765,13.864978526243753,4829.4467466297765
high-balanced-c97p49-r30p0,high,balanced,97.49,0.3,26881.650000000012,18817.155000000006,72,1010.0,71,False,256697.33366735,254440.0,2257.333667350001,23154.515000000014,2022445.0,0.011448773637849245,0.2759548522224924,0.23050030676794694,4337.360000000008,7.256337020328774,7.490177854758984,13.864978526243727,4757.005045430339
high-balanced-c6000-r0,high,balanced,6000,0,25336.07000000001,25336.07000000001,72,1010.0,70,True,414806.42000000004,262790.0,152016.42000000007,25336.07000000001,2037140.0,0.012437078453125465,0.0,0.0,0.0,0.0,0.0,0.0,
high-balanced-c6000-r9p5,high,balanced,6000,0.095,25336.07000000001,22929.14335000001,72,1010.0,71,False,394264.0800000001,254160.0,140104.08000000007,23350.68000000001,2025550.0,0.01152806891955272,0.06383886289569407,0.018384317441148608,421.5366500000018,-4.952271471593894,-3.283991019445187,7.836219271576052,-4346.753030890658
high-balanced-c6000-r20p0,high,balanced,6000,0.2,25336.07000000001,20268.85600000001,72,1010.0,72,False,393637.0900000001,254710.0,138927.09000000008,23154.515000000014,2022445.0,0.011448773637849245,0.18782365597563266,0.14236911052108722,2885.6590000000033,-5.103423905541282,-3.074698428402911,8.610471158313013,-3703.78010180812
high-balanced-c6000-r30p0,high,balanced,6000,0.3,25336.07000000001,17735.249000000007,72,1010.0,71,False,392470.1000000001,254720.0,137750.10000000006,22958.35000000001,2019340.0,0.011369234502362163,0.33995850195383115,0.2945039564992857,5223.101000000002,-5.384757545459385,-3.0708931085657754,9.384723045050002,-3394.007704860116
high-relaxed-c0-r0,high,relaxed,0,0,36626.225,36626.225,72,1070.0,70,True,184010.0,184010.0,0.0,36626.225,2334055.0,0.0156921002290006,0.0,0.0,0.0,0.0,0.0,0.0,
high-relaxed-c0-r9p5,high,relaxed,0,0.095,36626.225,33146.733625,72,1070.0,72,True,204590.0,204590.0,0.0,33095.25500000001,2278165.0,0.014527154530071357,0.0,0.0,0.0,11.184174773110156,11.184174773110156,9.640551271663915,5828.4267495900785
high-relaxed-c0-r20p0,high,relaxed,0,0.2,36626.225,29300.98,72,1070.0,72,True,228590.0,228590.0,0.0,29171.955000000005,2216065.0,0.013163853497077029,0.0,0.0,0.0,24.22694418781588,24.22694418781588,20.3522749068461,5980.464887909889
high-relaxed-c0-r30p0,high,relaxed,0,0.3,36626.225,25638.3575,72,1070.0,70,False,245490.0,245490.0,0.0,25837.15,2163280.0,0.01194350708183869,0.007753714332129241,0.007753714332129241,198.7925000000032,33.41122765067115,33.41122765067115,29.457239996750957,5698.356902700187
high-relaxed-c97p49-r0,high,relaxed,97.49,0,35645.4,35645.4,72,1070.0,71,True,194335.070046,190860.0,3475.070046,35645.4,2318530.0,0.015374137923598142,0.0,0.0,0.0,0.0,0.0,0.0,
high-relaxed-c97p49-r9p5,high,relaxed,97.49,0.095,35645.4,32259.087000000003,72,1070.0,71,True,210900.8357807,207770.0,3130.8357806999998,32114.43,2262640.0,0.014193344942191422,0.0,0.0,0.0,8.524331573698362,8.859897306926534,9.90582235014897,4789.052300076181
high-relaxed-c97p49-r20p0,high,relaxed,97.49,0.2,35645.4,28516.320000000003,72,1070.0,70,True,231397.47738955,228630.0,2767.4773895499993,28387.294999999995,2203645.0,0.01288197282230123,0.0,0.0,0.0,19.07139423408095,19.789374410562722,20.36196816419512,5203.83764081671
high-relaxed-c97p49-r30p0,high,relaxed,97.49,0.3,35645.4,24951.78,72,1070.0,70,False,247972.3672501,245530.0,2442.3672501,25052.49,2150860.0,0.011647661865486365,0.03480541576284657,0.004036184993615797,100.71000000000276,27.600420856309583,28.644032274965948,29.7174670504469,5160.999196632464
high-relaxed-c6000-r0,high,relaxed,6000,0,26229.480000000003,26229.480000000003,72,1070.0,72,True,392486.88,235110.0,157376.88,26229.480000000003,2169490.0,0.012090159438393356,0.0,0.0,0.0,0.0,0.0,0.0,
high-relaxed-c6000-r9p5,high,relaxed,6000,0.095,26229.480000000003,23737.679400000005,72,1070.0,72,False,394233.97000000003,247450.0,146783.97000000003,24463.995000000003,2141545.0,0.011423526005757526,0.0844437361860686,0.03059758233991474,726.3155999999981,0.44513335069953364,5.248607035004893,6.730918798237709,6989.58076675814
high-relaxed-c6000-r20p0,high,relaxed,6000,0.2,26229.480000000003,20983.584000000003,72,1070.0,72,False,393066.98000000004,247460.0,145606.98000000004,24267.830000000005,2138440.0,0.011348380127569632,0.2180534782296046,0.15651501669114307,3284.246000000003,0.14780111885523972,5.252860363234224,7.478798664708555,6295.720439426001
high-relaxed-c6000-r30p0,high,relaxed,6000,0.3,26229.480000000003,18360.636000000002,72,1070.0,71,False,392526.98,246920.0,145606.98,24267.83,2138440.0,0.011348380127569632,0.383269909185482,0.32173144764702044,5907.1939999999995,0.01021690202740455,5.0231806388499,7.478798664708569,6020.441974868091
