scenario_id,demand,time_profile,carbon_price_cny_per_tco2e,reduction_target,emission_cap_kg,baseline_cost_cny,baseline_emissions_kg
central-balanced-c97p49-r0,central,balanced,97.49,0,14929.099999999997,182555.437959,14929.099999999997
central-balanced-c97p49-r9p5,central,balanced,97.49,0.095,13510.835499999997,182555.437959,14929.099999999997
central-balanced-c97p49-r20p0,central,balanced,97.49,0.2,11943.279999999999,182555.437959,14929.099999999997
central-balanced-c97p49-r30p0,central,balanced,97.49,0.3,10450.369999999997,182555.437959,14929.099999999997
low-balanced-c97p49-r20p0,low,balanced,97.49,0.2,7070.164000000001,81141.58786045,8837.705
high-balanced-c97p49-r20p0,high,balanced,97.49,0.2,21505.32000000001,239330.6920585,26881.650000000012
central-tight-c97p49-r0,central,tight,97.49,0,15347.049999999994,284196.1839045,15347.049999999994
central-tight-c97p49-r20p0,central,tight,97.49,0.2,12277.639999999996,284196.1839045,15347.049999999994
central-relaxed-c97p49-r0,central,relaxed,97.49,0,26460.385,114809.62293365,26460.385
central-relaxed-c97p49-r20p0,central,relaxed,97.49,0.2,21168.308,114809.62293365,26460.385
central-balanced-c0-r20p0,central,balanced,0,0.2,11943.279999999999,181100.0,14929.099999999997
central-balanced-c6000-r20p0,central,balanced,6000,0.2,7706.115999999999,264045.87,9632.644999999999
