departure_id,used_tonnes,capacity_tonnes,used_shipment_units,capacity_units,excess_tonnes,excess_units
HORIZON-e0000-0001-rail,0.0,250.0,0.0,4.0,0.0,0.0
HORIZON-e0000-0001-water,125.0,250.0,2.0,4.0,0.0,0.0
HORIZON-e0000-0003-rail,0.0,250.0,0.0,4.0,0.0,0.0
HORIZON-e0000-0003-water,0.0,250.0,0.0,4.0,0.0,0.0
HORIZON-e0000-0009-rail,0.0,250.0,0.0,4.0,0.0,0.0
HORIZON-e0000-0009-water,0.0,250.0,0.0,4.0,0.0,0.0
HORIZON-e0000-0011-rail,0.0,250.0,0.0,4.0,0.0,0.0
HORIZON-e0000-0011-water,0.0,250.0,0.0,4.0,0.0,0.0
HORIZON-e0000-0014-rail,205.0,250.0,4.0,4.0,0.0,0.0
HORIZON-e0000-0021-rail,210.0,250.0,3.0,4.0,0.0,0.0
HORIZON-e0000-0021-water,100.0,250.0,3.0,4.0,0.0,0.0
HORIZON-e0001-0002-rail,20.0,250.0,1.0,4.0,0.0,0.0
HORIZON-e0001-0002-water,120.0,250.0,4.0,4.0,0.0,0.0
HORIZON-e0001-0008-rail,0.0,250.0,0.0,4.0,0.0,0.0
HORIZON-e0001-0008-water,0.0,250.0,0.0,4.0,0.0,0.0
HORIZON-e0001-0009-rail,40.0,250.0,2.0,4.0,0.0,0.0
HORIZON-e0001-0009-water,250.0,250.0,4.0,4.0,0.0,0.0
HORIZON-e0002-0003-rail,60.0,250.0,2.0,4.0,0.0,0.0
HORIZON-e0002-0003-water,60.0,250.0,2.0,4.0,0.0,0.0
HORIZON-e0002-0004-rail,230.0,250.0,4.0,4.0,0.0,0.0
HORIZON-e0002-0004-water,230.0,250.0,4.0,4.0,0.0,0.0
HORIZON-e0002-0007-water,60.0,250.0,2.0,4.0,0.0,0.0
HORIZON-e0003-0004-rail,140.0,250.0,4.0,4.0,0.0,0.0
HORIZON-e0003-0004-water,100.0,250.0,3.0,4.0,0.0,0.0
HORIZON-e0003-0012-rail,20.0,250.0,1.0,4.0,0.0,0.0
HORIZON-e0003-0012-water,20.0,250.0,1.0,4.0,0.0,0.0
HORIZON-e0004-0005-rail,140.0,250.0,4.0,4.0,0.0,0.0
HORIZON-e0004-0005-water,185.0,250.0,4.0,4.0,0.0,0.0
HORIZON-e0004-0016-rail,0.0,250.0,0.0,4.0,0.0,0.0
HORIZON-e0004-0016-water,20.0,250.0,1.0,4.0,0.0,0.0
HORIZON-e0004-0017-rail,125.0,250.0,2.0,4.0,0.0,0.0
HORIZON-e0004-0017-water,210.0,250.0,4.0,4.0,0.0,0.0
HORIZON-e0004-0022-rail,230.0,250.0,4.0,4.0,0.0,0.0
HORIZON-e0004-0022-water,80.0,250.0,2.0,4.0,0.0,0.0
HORIZON-e0005-0006-rail,140.0,250.0,4.0,4.0,0.0,0.0
HORIZON-e0005-0006-water,185.0,250.0,4.0,4.0,0.0,0.0
HORIZON-e0005-0012-rail,0.0,250.0,0.0,4.0,0.0,0.0
HORIZON-e0005-0012-water,0.0,250.0,0.0,4.0,0.0,0.0
HORIZON-e0006-0007-rail,60.0,250.0,2.0,4.0,0.0,0.0
HORIZON-e0006-0007-water,85.0,250.0,1.0,4.0,0.0,0.0
HORIZON-e0006-0021-rail,40.0,250.0,1.0,4.0,0.0,0.0
HORIZON-e0006-0021-water,140.0,250.0,4.0,4.0,0.0,0.0
HORIZON-e0007-0008-rail,0.0,250.0,0.0,4.0,0.0,0.0
HORIZON-e0007-0008-water,0.0,250.0,0.0,4.0,0.0,0.0
HORIZON-e0007-0009-rail,0.0,250.0,0.0,4.0,0.0,0.0
HORIZON-e0007-0009-water,0.0,250.0,0.0,4.0,0.0,0.0
HORIZON-e0007-0014-rail,0.0,250.0,0.0,4.0,0.0,0.0
HORIZON-e0007-0014-water,85.0,250.0,1.0,4.0,0.0,0.0
HORIZON-e0007-0017-rail,0.0,250.0,0.0,4.0,0.0,0.0
HORIZON-e0007-0017-water,0.0,250.0,0.0,4.0,0.0,0.0
HORIZON-e0007-0019-rail,60.0,250.0,2.0,4.0,0.0,0.0
HORIZON-e0007-0019-water,60.0,250.0,2.0,4.0,0.0,0.0
HORIZON-e0008-0009-rail,0.0,250.0,0.0,4.0,0.0,0.0
HORIZON-e0008-0009-water,0.0,250.0,0.0,4.0,0.0,0.0
HORIZON-e0009-0010-rail,0.0,250.0,0.0,4.0,0.0,0.0
HORIZON-e0009-0010-water,40.0,250.0,1.0,4.0,0.0,0.0
HORIZON-e0009-0018-rail,40.0,250.0,2.0,4.0,0.0,0.0
HORIZON-e0009-0018-water,210.0,250.0,3.0,4.0,0.0,0.0
HORIZON-e0010-0011-rail,0.0,250.0,0.0,4.0,0.0,0.0
HORIZON-e0010-0011-water,40.0,250.0,1.0,4.0,0.0,0.0
HORIZON-e0010-0012-rail,0.0,250.0,0.0,4.0,0.0,0.0
HORIZON-e0010-0012-water,0.0,250.0,0.0,4.0,0.0,0.0
HORIZON-e0011-0012-rail,0.0,250.0,0.0,4.0,0.0,0.0
HORIZON-e0011-0012-water,0.0,250.0,0.0,4.0,0.0,0.0
HORIZON-e0011-0013-rail,0.0,250.0,0.0,4.0,0.0,0.0
HORIZON-e0011-0013-water,40.0,250.0,1.0,4.0,0.0,0.0
HORIZON-e0011-0020-rail,0.0,250.0,0.0,4.0,0.0,0.0
HORIZON-e0011-0020-water,0.0,250.0,0.0,4.0,0.0,0.0
HORIZON-e0012-0013-rail,20.0,250.0,1.0,4.0,0.0,0.0
HORIZON-e0012-0013-water,20.0,250.0,1.0,4.0,0.0,0.0
HORIZON-e0013-0014-rail,20.0,250.0,1.0,4.0,0.0,0.0
HORIZON-e0013-0014-water,20.0,250.0,1.0,4.0,0.0,0.0
HORIZON-e0013-0017-rail,0.0,250.0,0.0,4.0,0.0,0.0
HORIZON-e0013-0017-water,40.0,250.0,1.0,4.0,0.0,0.0
HORIZON-e0014-0015-rail,40.0,250.0,1.0,4.0,0.0,0.0
HORIZON-e0014-0015-water,0.0,250.0,0.0,4.0,0.0,0.0
HORIZON-e0014-0020-rail,185.0,250.0,4.0,4.0,0.0,0.0
HORIZON-e0014-0020-water,105.0,250.0,2.0,4.0,0.0,0.0
HORIZON-e0015-0016-rail,40.0,250.0,1.0,4.0,0.0,0.0
HORIZON-e0015-0016-water,0.0,250.0,0.0,4.0,0.0,0.0
HORIZON-e0016-0017-rail,40.0,250.0,1.0,4.0,0.0,0.0
HORIZON-e0016-0017-water,20.0,250.0,1.0,4.0,0.0,0.0
HORIZON-e0017-0018-rail,165.0,250.0,4.0,4.0,0.0,0.0
HORIZON-e0017-0018-water,230.0,250.0,4.0,4.0,0.0,0.0
HORIZON-e0017-0022-rail,40.0,250.0,1.0,4.0,0.0,0.0
HORIZON-e0017-0022-water,0.0,250.0,0.0,4.0,0.0,0.0
HORIZON-e0018-0019-rail,165.0,250.0,4.0,4.0,0.0,0.0
HORIZON-e0018-0019-water,190.0,250.0,3.0,4.0,0.0,0.0
HORIZON-e0019-0020-rail,105.0,250.0,2.0,4.0,0.0,0.0
HORIZON-e0019-0020-water,40.0,250.0,2.0,4.0,0.0,0.0
HORIZON-e0020-0021-rail,85.0,250.0,1.0,4.0,0.0,0.0
HORIZON-e0020-0021-water,0.0,250.0,0.0,4.0,0.0,0.0
HORIZON-e0020-0022-rail,0.0,250.0,0.0,4.0,0.0,0.0
HORIZON-e0020-0022-water,0.0,250.0,0.0,4.0,0.0,0.0
HORIZON-e0021-0022-rail,125.0,250.0,2.0,4.0,0.0,0.0
HORIZON-e0021-0022-water,60.0,250.0,2.0,4.0,0.0,0.0
