method,seed,order_id,origin,destination,tonnes,deadline_hour,route,modes,arrival_hour,noncarbon_cost_cny,emissions_kg,capacity_resources
hybrid-seeded,17,ALLOC-SYN-0000,Chenglingji,Zhangjiagang,85.0,72.0,Chenglingji>Zhenjiang>Gaogang>Jiangyin>Zhangjiagang,rail+rail+rail+rail,47.078833333333336,17637.088175,4943.486100000001,HORIZON-e0004-0017-rail+HORIZON-e0017-0018-rail+HORIZON-e0018-0019-rail+HORIZON-e0019-0020-rail
hybrid-seeded,17,ALLOC-SYN-0001,Chenglingji,Nantong,40.0,72.0,Chenglingji>Honghu>Hankou>Nantong,water+water+water,50.07566666666667,1727.994,721.0896000000001,HORIZON-e0004-0005-water+HORIZON-e0005-0006-water+HORIZON-e0006-0021-water
hybrid-seeded,17,ALLOC-SYN-0002,Yichang,Nantong,20.0,120.0,Yichang>Wuxue>Jiujiang>Anqing>Zhangjiagang>Nantong,water+water+water+water+water,89.41466666666666,1498.7435,470.9856,HORIZON-e0001-0009-water+HORIZON-e0009-0010-water+HORIZON-e0010-0011-water+HORIZON-e0011-0020-water+HORIZON-e0020-0021-water
hybrid-seeded,17,ALLOC-SYN-0003,Yichang,Shanghai,20.0,72.0,Yichang>Wuxue>Jiujiang>Anqing>Zhangjiagang>Shanghai,water+water+water+water+water,67.25466666666667,1548.4234999999999,484.2336,HORIZON-e0001-0009-water+HORIZON-e0009-0010-water+HORIZON-e0010-0011-water+HORIZON-e0011-0020-water+HORIZON-e0020-0022-water
hybrid-seeded,17,ALLOC-SYN-0004,Zhicheng,Shanghai,85.0,86.0,Zhicheng>Chenglingji>Shanghai,rail+rail,48.8155,18136.1474,5315.480100000001,HORIZON-e0002-0004-rail+HORIZON-e0004-0022-rail
hybrid-seeded,17,ALLOC-SYN-0005,Shashi,Zhangjiagang,20.0,108.0,Shashi>Chizhou>Tongling>Wuhu>Zhangjiagang,water+water+water+water,74.68299999999999,1195.383,451.31759999999997,HORIZON-e0003-0012-water+HORIZON-e0012-0013-water+HORIZON-e0013-0014-water+HORIZON-e0014-0020-water
hybrid-seeded,17,ALLOC-SYN-0006,Zhicheng,Nantong,20.0,84.0,Zhicheng>Yangluo>Wuhu>Zhangjiagang>Nantong,water+water+water+water,79.81966666666666,1511.0329,488.30160000000006,HORIZON-e0002-0007-water+HORIZON-e0007-0014-water+HORIZON-e0014-0020-water+HORIZON-e0020-0021-water
hybrid-seeded,17,ALLOC-SYN-0007,Chenglingji,Zhangjiagang,20.0,72.0,Chenglingji>Honghu>Chizhou>Tongling>Wuhu>Zhangjiagang,water+water+water+water+water,57.42566666666667,1319.4783,413.4648000000001,HORIZON-e0004-0005-water+HORIZON-e0005-0012-water+HORIZON-e0012-0013-water+HORIZON-e0013-0014-water+HORIZON-e0014-0020-water
hybrid-seeded,17,ALLOC-SYN-0008,Chongqing,Jiangyin,85.0,72.0,Chongqing>Yichang>Wuxue>Gaogang>Jiangyin,water+water+water+water,71.48633333333333,5657.859675,2187.4818000000005,HORIZON-e0000-0001-water+HORIZON-e0001-0009-water+HORIZON-e0009-0018-water+HORIZON-e0018-0019-water
hybrid-seeded,17,ALLOC-SYN-0009,Shashi,Gaogang,20.0,96.0,Shashi>Chenglingji>Zhenjiang>Gaogang,water+water+water,59.536,1025.8104,428.65920000000006,HORIZON-e0003-0004-water+HORIZON-e0004-0017-water+HORIZON-e0017-0018-water
hybrid-seeded,17,ALLOC-SYN-0010,Chongqing,Jiangyin,40.0,72.0,Chongqing>Wuhu>Maanshan>Nanjing>Zhenjiang>Gaogang>Jiangyin,rail+rail+rail+rail+rail+rail,50.52783333333334,9987.2612,2674.0056,HORIZON-e0000-0014-rail+HORIZON-e0014-0015-rail+HORIZON-e0015-0016-rail+HORIZON-e0016-0017-rail+HORIZON-e0017-0018-rail+HORIZON-e0018-0019-rail
hybrid-seeded,17,ALLOC-SYN-0011,Zhicheng,Gaogang,85.0,108.0,Zhicheng>Shashi>Chenglingji>Zhenjiang>Gaogang,water+water+water+water,77.36999999999999,5029.1457,2000.3220000000001,HORIZON-e0002-0003-water+HORIZON-e0003-0004-water+HORIZON-e0004-0017-water+HORIZON-e0017-0018-water
hybrid-seeded,17,ALLOC-SYN-0012,Chongqing,Nantong,85.0,62.0,Chongqing>Wuhu>Zhangjiagang>Nantong,rail+rail+rail,28.059666666666665,21599.84555,6010.3805999999995,HORIZON-e0000-0014-rail+HORIZON-e0014-0020-rail+HORIZON-e0020-0021-rail
hybrid-seeded,17,ALLOC-SYN-0013,Chenglingji,Gaogang,20.0,96.0,Chenglingji>Zhenjiang>Gaogang,road+road,38.824374999999996,4438.046,1684.049,
hybrid-seeded,17,ALLOC-SYN-0014,Zhicheng,Shanghai,85.0,48.0,Zhicheng>Chenglingji>Shanghai,rail+rail,24.8155,18136.1474,5315.480100000001,HORIZON-e0002-0004-rail+HORIZON-e0004-0022-rail
hybrid-seeded,17,ALLOC-SYN-0015,Chongqing,Shanghai,85.0,74.0,Chongqing>Nantong>Shanghai,rail+rail,41.510666666666665,21104.4239,6321.184800000001,HORIZON-e0000-0021-rail+HORIZON-e0021-0022-rail
hybrid-seeded,17,ALLOC-SYN-0016,Shashi,Shanghai,40.0,48.0,Shashi>Chenglingji>Zhenjiang>Shanghai,rail+rail+rail,26.367166666666666,9846.638200000001,2657.8104000000003,HORIZON-e0003-0004-rail+HORIZON-e0004-0017-rail+HORIZON-e0017-0022-rail
hybrid-seeded,17,ALLOC-SYN-0017,Chenglingji,Zhangjiagang,85.0,74.0,Chenglingji>Honghu>Hankou>Yangluo>Jiangyin>Zhangjiagang,water+water+water+water+water,73.00533333333333,4919.586224999999,1866.7631999999999,HORIZON-e0004-0005-water+HORIZON-e0005-0006-water+HORIZON-e0006-0007-water+HORIZON-e0007-0019-water+HORIZON-e0019-0020-water
hybrid-seeded,17,ALLOC-SYN-0018,Zhicheng,Shanghai,40.0,62.0,Zhicheng>Chenglingji>Shanghai,rail+rail,24.8155,8534.657600000002,2501.4024000000004,HORIZON-e0002-0004-rail+HORIZON-e0004-0022-rail
hybrid-seeded,17,ALLOC-SYN-0019,Shashi,Nantong,40.0,48.0,Shashi>Chenglingji>Honghu>Hankou>Nantong,rail+rail+rail+rail,25.363166666666665,9043.2034,2556.6072,HORIZON-e0003-0004-rail+HORIZON-e0004-0005-rail+HORIZON-e0005-0006-rail+HORIZON-e0006-0021-rail
hybrid-seeded,17,ALLOC-SYN-0020,Shashi,Zhangjiagang,20.0,62.0,Shashi>Chizhou>Tongling>Wuhu>Zhangjiagang,rail+rail+rail+rail,24.262999999999998,5069.2416,1222.8552,HORIZON-e0003-0012-rail+HORIZON-e0012-0013-rail+HORIZON-e0013-0014-rail+HORIZON-e0014-0020-rail
hybrid-seeded,17,ALLOC-SYN-0021,Zhicheng,Zhangjiagang,20.0,74.0,Zhicheng>Shashi>Chenglingji>Honghu>Hankou>Yangluo>Jiangyin>Zhangjiagang,rail+rail+rail+rail+rail+rail+rail,40.42833333333333,5432.8694000000005,1432.788,HORIZON-e0002-0003-rail+HORIZON-e0003-0004-rail+HORIZON-e0004-0005-rail+HORIZON-e0005-0006-rail+HORIZON-e0006-0007-rail+HORIZON-e0007-0019-rail+HORIZON-e0019-0020-rail
hybrid-seeded,17,ALLOC-SYN-0022,Chenglingji,Gaogang,20.0,72.0,Chenglingji>Zhenjiang>Gaogang,water+rail,52.336,1191.972,441.92080000000004,HORIZON-e0004-0017-water+HORIZON-e0017-0018-rail
hybrid-seeded,17,ALLOC-SYN-0023,Zhicheng,Jiangyin,40.0,84.0,Zhicheng>Yangluo>Jiangyin,water+water,76.28666666666666,2263.3931999999995,925.7280000000001,HORIZON-e0002-0007-water+HORIZON-e0007-0019-water
hybrid-seeded,17,ALLOC-SYN-0024,Chongqing,Nantong,85.0,74.0,Chongqing>Nantong,rail,39.663333333333334,19257.8295,5925.486000000001,HORIZON-e0000-0021-rail
hybrid-seeded,17,ALLOC-SYN-0025,Chongqing,Shanghai,40.0,60.0,Chongqing>Nantong>Shanghai,rail+rail,41.510666666666665,9931.4936,2974.6752000000006,HORIZON-e0000-0021-rail+HORIZON-e0021-0022-rail
hybrid-seeded,17,ALLOC-SYN-0026,Chongqing,Shanghai,40.0,72.0,Chongqing>Nantong>Shanghai,water+water,66.81966666666666,2148.3906,962.2032000000002,HORIZON-e0000-0021-water+HORIZON-e0021-0022-water
hybrid-seeded,17,ALLOC-SYN-0027,Chongqing,Gaogang,40.0,96.0,Chongqing>Wuxue>Gaogang,water+water,72.69633333333334,2631.4857999999995,1046.8272000000002,HORIZON-e0000-0009-water+HORIZON-e0009-0018-water
hybrid-seeded,17,ALLOC-SYN-0028,Yichang,Gaogang,20.0,120.0,Yichang>Wuxue>Gaogang,water+water,87.24766666666667,1108.8170999999998,455.38320000000004,HORIZON-e0001-0009-water+HORIZON-e0009-0018-water
hybrid-seeded,17,ALLOC-SYN-0029,Zhicheng,Zhangjiagang,20.0,84.0,Zhicheng>Shashi>Chizhou>Tongling>Wuhu>Zhangjiagang,water+water+water+water+water,80.517,1352.901,493.3224000000001,HORIZON-e0002-0003-water+HORIZON-e0003-0012-water+HORIZON-e0012-0013-water+HORIZON-e0013-0014-water+HORIZON-e0014-0020-water
hybrid-seeded,17,ALLOC-SYN-0030,Chenglingji,Shanghai,40.0,120.0,Chenglingji>Shanghai,water,87.94,1956.5639999999999,920.736,HORIZON-e0004-0022-water
hybrid-seeded,17,ALLOC-SYN-0031,Zhicheng,Shanghai,40.0,48.0,Zhicheng>Chenglingji>Shanghai,rail+rail,24.8155,8534.657600000002,2501.4024000000004,HORIZON-e0002-0004-rail+HORIZON-e0004-0022-rail
hybrid-seeded,17,ALLOC-SYN-0032,Yichang,Jiangyin,20.0,72.0,Yichang>Wuxue>Gaogang>Jiangyin,rail+rail+rail,49.63633333333334,5285.6964,1292.0712,HORIZON-e0001-0009-rail+HORIZON-e0009-0018-rail+HORIZON-e0018-0019-rail
hybrid-seeded,17,ALLOC-SYN-0033,Shashi,Nantong,40.0,62.0,Shashi>Chenglingji>Honghu>Hankou>Nantong,water+water+water+water,55.418000000000006,2016.4799999999998,798.0192000000001,HORIZON-e0003-0004-water+HORIZON-e0004-0005-water+HORIZON-e0005-0006-water+HORIZON-e0006-0021-water
hybrid-seeded,17,ALLOC-SYN-0034,Yichang,Shanghai,40.0,108.0,Yichang>Zhicheng>Chenglingji>Shanghai,water+water+water,88.105,2613.4739999999997,1095.912,HORIZON-e0001-0002-water+HORIZON-e0002-0004-water+HORIZON-e0004-0022-water
hybrid-seeded,17,ALLOC-SYN-0035,Shashi,Jiangyin,40.0,48.0,Shashi>Chenglingji>Honghu>Hankou>Yangluo>Jiangyin,rail+rail+rail+rail+rail,24.510999999999996,9023.0252,2470.7088,HORIZON-e0003-0004-rail+HORIZON-e0004-0005-rail+HORIZON-e0005-0006-rail+HORIZON-e0006-0007-rail+HORIZON-e0007-0019-rail
hybrid-seeded,17,ALLOC-SYN-0036,Yichang,Gaogang,20.0,74.0,Yichang>Zhicheng>Chenglingji>Nanjing>Zhenjiang>Gaogang,water+water+water+water+rail,73.68533333333333,1522.0529999999999,509.236,HORIZON-e0001-0002-water+HORIZON-e0002-0004-water+HORIZON-e0004-0016-water+HORIZON-e0016-0017-water+HORIZON-e0017-0018-rail
hybrid-seeded,17,ALLOC-SYN-0037,Zhicheng,Gaogang,85.0,96.0,Zhicheng>Chenglingji>Zhenjiang>Gaogang,water+water+water,62.71366666666667,4724.33145,1919.0382000000002,HORIZON-e0002-0004-water+HORIZON-e0004-0017-water+HORIZON-e0017-0018-water
hybrid-seeded,17,ALLOC-SYN-0038,Chongqing,Nantong,40.0,120.0,Chongqing>Nantong,water,86.38766666666666,1909.0626,898.3824000000002,HORIZON-e0000-0021-water
hybrid-seeded,17,ALLOC-SYN-0039,Chongqing,Zhangjiagang,40.0,72.0,Chongqing>Wuhu>Zhangjiagang,rail+rail,50.152166666666666,9267.3452,2636.1384,HORIZON-e0000-0014-rail+HORIZON-e0014-0020-rail
hybrid-seeded,17,ALLOC-SYN-0040,Chongqing,Zhangjiagang,40.0,86.0,Chongqing>Wuhu>Zhangjiagang,rail+rail,50.152166666666666,9267.3452,2636.1384,HORIZON-e0000-0014-rail+HORIZON-e0014-0020-rail
hybrid-seeded,17,ALLOC-SYN-0041,Yichang,Gaogang,40.0,62.0,Yichang>Zhicheng>Chenglingji>Zhenjiang>Gaogang,road+road+road+road,18.260875000000002,11768.2504,4148.8708,
hybrid-seeded,17,ALLOC-SYN-0042,Shashi,Jiangyin,20.0,86.0,Shashi>Chenglingji>Nanjing>Zhenjiang>Gaogang>Jiangyin,water+water+water+water+water,84.74499999999999,1136.1023999999998,437.364,HORIZON-e0003-0004-water+HORIZON-e0004-0016-water+HORIZON-e0016-0017-water+HORIZON-e0017-0018-water+HORIZON-e0018-0019-water
hybrid-seeded,17,ALLOC-SYN-0043,Chongqing,Shanghai,20.0,96.0,Chongqing>Nantong>Shanghai,water+water,66.81966666666666,1074.1953,481.1016000000001,HORIZON-e0000-0021-water+HORIZON-e0021-0022-water
hybrid-seeded,17,ALLOC-SYN-0044,Zhicheng,Nantong,20.0,96.0,Zhicheng>Chenglingji>Honghu>Hankou>Nantong,water+rail+water+water,82.6215,1462.7851999999998,479.01800000000003,HORIZON-e0002-0004-water+HORIZON-e0004-0005-rail+HORIZON-e0005-0006-water+HORIZON-e0006-0021-water
hybrid-seeded,17,ALLOC-SYN-0045,Yichang,Jiangyin,20.0,62.0,Yichang>Wuxue>Gaogang>Jiangyin,rail+rail+rail,25.636333333333333,5285.6964,1292.0712,HORIZON-e0001-0009-rail+HORIZON-e0009-0018-rail+HORIZON-e0018-0019-rail
hybrid-seeded,17,ALLOC-SYN-0046,Yichang,Nantong,40.0,96.0,Yichang>Zhicheng>Yangluo>Jiangyin>Zhangjiagang>Nantong,water+water+water+water+water,78.60300000000001,3036.4752,1131.8832,HORIZON-e0001-0002-water+HORIZON-e0002-0007-water+HORIZON-e0007-0019-water+HORIZON-e0019-0020-water+HORIZON-e0020-0021-water
hybrid-seeded,17,ALLOC-SYN-0047,Yichang,Jiangyin,85.0,72.0,Yichang>Zhicheng>Yangluo>Jiangyin,water+water+water,67.93166666666667,5227.974299999999,2078.7090000000003,HORIZON-e0001-0002-water+HORIZON-e0002-0007-water+HORIZON-e0007-0019-water
